num_entries,insertion_time,query_time,update_time,memory,memory_including_ptr,FPR,tail-99-q,tail-99.9-q,tail-99-u,tail-99.9-u,tail-99-i
2,15354,93,120,8960,78592,0,84,458,167,50291,29917
3,959,48,115,5973.33,52394.7,0,84,84,167,44583,959
4,583,47,763,4480,39296,0,84,125,167,40791,583
5,667,6595,198,3584,31436.8,0,84,125,209,46917,667
6,208,5665,194,2986.67,26197.3,0,84,84,167,30042,208
7,625,8600,1002,2560,22454.9,0,84,208,209,33166,625
8,458,7776,273,2240,19648,0,84,84,167,30083,458
9,208,10121,355,1991.11,17464.9,0,84,84,167,50625,208
10,542,9887,1344,1792,15718.4,0,125,167,250,37708,542
11,291,10993,454,1629.09,14289.5,0,125,167,250,31875,291
12,458,10792,1562,1493.33,13098.7,0,84,125,167,37417,458
13,500,11090,605,1378.46,12091.1,0,84,167,292,32042,500
14,458,11090,588,1280,11227.4,0,84,166,250,39083,458
15,250,11236,2332,1194.67,10478.9,0,208,15042,250,61750,250
16,542,11823,616,1120,9824,0,125,167,292,36166,542
17,458,13423,667,1054.12,9246.12,0,84,125,25875,32417,458
18,416,10713,1971,995.556,8732.44,0,84,84,25583,31416,416
19,500,11369,696,943.158,8272.84,0,84,166,25917,42084,500
20,291,11594,1917,896,7859.2,0,84,167,167,27333,291
21,167,6097,1718,853.333,7484.95,0,84,125,25292,26500,167
22,500,11029,794,814.545,7144.73,0,125,209,28834,30625,500
23,209,11210,2576,779.13,6834.09,0,84,167,26167,31084,209
24,250,12284,878,746.667,6549.33,0,84,125,26334,30125,250
25,458,13758,940,716.8,6287.36,0,84,125,26250,30791,458
26,500,10844,2688,689.231,6045.54,0,84,125,25334,66417,500
27,250,11629,934,663.704,5821.63,0,84,125,25334,28333,250
28,375,11505,895,640,5613.71,0,84,125,25083,31042,375
29,291,11714,3251,617.931,5420.14,0,84,125,25792,28917,291
30,292,12391,1080,597.333,5239.47,0,84,125,28250,29584,292
31,333,12435,3245,578.065,5070.45,0,84,125,27375,31625,333
32,333,12536,1133,560,4912,0,26416,30042,25709,31083,333
33,208,13402,1098,543.03,4763.15,0,84,125,25875,33875,208
34,208,13511,3501,527.059,4623.06,0,84,125,25625,28458,208
35,209,13980,1158,512,4490.97,0,84,125,26000,29709,209
36,167,11408,1795,497.778,4366.22,0,84,125,26583,33792,167
37,167,11810,4062,484.324,4248.22,0,84,167,28042,29667,167
38,166,11000,1328,471.579,4136.42,0,84,125,25541,28875,166
39,291,12107,2321,459.487,4030.36,0,84,125,25291,26625,291
40,35750,9847,3236,448,3929.6,0,125,167,26375,29583,35750
41,542,11976,1921,437.073,3833.76,0,125,167,28125,36500,542
42,458,12578,4568,426.667,3742.48,0,125,167,28416,31833,458
43,209,12495,1759,416.744,3655.44,0,125,167,25167,34666,209
44,166,13269,1536,407.273,3572.36,0,125,208,25666,28792,166
45,250,12934,4587,398.222,3492.98,0,125,208,25292,26916,250
46,208,13503,1587,389.565,3417.04,0,125,125,25875,29041,208
47,292,14199,1736,381.277,3344.34,0,125,125,27208,31042,292
48,250,12208,4597,373.333,3274.67,0,125,208,25708,27625,250
49,375,11913,1785,365.714,3207.84,0,125,166,28000,32958,375
50,166,11966,4476,358.4,3143.68,0,125,125,30416,58334,166
51,584,14396,2251,351.373,3082.04,0,31375,50875,26584,54708,584
52,209,13033,1736,344.615,3022.77,0,125,167,27375,35958,209
54,249,12408,5337,331.852,2910.81,0,125,166,25583,28709,291
55,291,13432,1858,325.818,2857.89,0,125,375,25792,28917,291
56,208,11672,2006,320,2806.86,0,125,167,27542,32125,208
57,208,13041,6041,314.386,2757.61,0,125,167,27125,35875,208
58,375,13295,2192,308.966,2710.07,0,125,167,28125,32834,375
59,500,13450,2829,303.729,2664.14,0,125,125,30584,36000,500
61,229,11284,4817,293.77,2576.79,0,125,334,29042,34584,250
62,500,12741,2133,289.032,2535.23,0,125,167,27458,36208,500
63,250,12160,5827,284.444,2494.98,0,125,333,28209,29375,250
64,375,14632,2117,280,2456,0,27125,30375,26000,33708,375
66,437,15013,2299,271.515,2381.58,0,125,292,30083,34292,500
67,417,13287,6470,267.463,2346.03,0,125,167,32334,44250,417
69,208,12176,2358,259.71,2278.03,0,125,167,29959,34958,209
70,167,13105,2363,256,2245.49,0,125,167,33334,56583,167
72,291,13311,6648,248.889,2183.11,0,125,166,28709,52417,375
73,209,12541,2512,245.479,2153.21,0,125,125,32584,95250,209
75,291,12983,5793,238.933,2095.79,0,125,250,28750,35084,375
76,291,16160,3383,235.789,2068.21,0,33417,86833,29375,36750,291
78,271,13331,3007,229.744,2015.18,0,125,208,28375,34542,375
79,375,12233,7412,226.835,1989.67,0,125,125,28334,31667,375
81,437,12113,3025,221.235,1940.54,0,32250,58583,26958,36083,667
83,16375,12368,2814,215.904,1893.78,0,125,166,28042,31667,32458
84,209,12082,8283,213.333,1871.24,0,125,167,26750,32084,209
86,187,12690,3098,208.372,1827.72,0,125,167,27667,34125,208
88,250,12964,4153,203.636,1786.18,0,125,417,26333,28792,250
90,167,11170,6646,199.111,1746.49,0,125,167,28667,36541,209
92,166,12223,3257,194.783,1708.52,0,125,250,29750,37208,166
94,208,13460,7836,190.638,1672.17,0,125,167,26750,32292,209
96,229,14806,3820,186.667,1637.33,0,29958,40125,28958,34500,250
98,208,12973,3209,182.857,1603.92,0,125,167,33250,72375,250
100,208,13466,9022,179.2,1571.84,0,125,166,28333,50541,208
102,270,13711,3343,175.686,1541.02,0,125,167,26792,30583,291
104,229,12751,3371,172.308,1511.38,0,125,167,27334,33125,250
106,271,13273,8246,169.057,1482.87,0,125,417,31375,35875,375
108,229,14013,3867,165.926,1455.41,0,25292,28000,27583,34250,250
110,313,13616,8693,162.909,1428.95,0,125,167,29166,57875,334
113,222,18076,4602,158.584,1391.01,0,33750,42875,28334,38584,333
115,312,12629,3651,155.826,1366.82,0,125,166,28792,35959,375
117,17417,12698,10066,153.162,1343.45,0,125,167,26417,29208,34542
120,277,14081,4113,149.333,1309.87,0,31833,36458,27583,55167,416
122,187,13854,3930,146.885,1288.39,0,125,167,27708,56833,209
125,264,12839,10218,143.36,1257.47,0,125,208,32958,68958,292
128,333,12676,4461,140,1228,0,25042,29541,30084,55584,541
130,395,13688,6628,137.846,1209.11,0,125,208,26292,29666,541
133,236,24451,7755,134.737,1181.83,0,40208,81750,33167,39667,333
136,361,12519,5569,131.765,1155.76,0,125,208,29417,35584,625
139,264,13443,10879,128.921,1130.82,0,125,250,34125,64167,417
142,291,14873,5299,126.197,1106.93,0,31041,35625,27959,37208,375
145,250,12195,4566,123.586,1084.03,0,125,292,28125,59167,334
148,208,13305,12056,121.081,1062.05,0,125,208,29167,37625,250
151,180,13824,4956,118.675,1040.95,0,29375,40333,27791,32958,208
154,250,14023,4483,116.364,1020.68,0,125,292,29583,34375,375
157,208,14325,10896,114.14,1001.17,0,125,166,29958,35958,292
160,208,13235,4865,112,982.4,0,125,167,27959,55583,209
164,187,13710,10125,109.268,958.439,0,125,167,29791,38208,209
167,555,19842,6830,107.305,941.222,0,33500,54083,27459,62750,1250
171,218,12671,4782,104.795,919.205,0,125,166,30667,41416,375
174,222,13697,13066,102.989,903.356,0,125,167,29834,61541,291
178,208,14705,6441,100.674,883.056,0,30250,36750,32000,57458,250
182,208,12483,5198,98.4615,863.648,0,125,291,28542,57625,333
185,180,13052,12261,96.8649,849.643,0,125,167,32000,39208,208
189,187,14678,5388,94.8148,831.661,0,34292,48584,29000,30208,250
193,177,13242,9538,92.8497,814.425,0,125,167,32291,56208,250
197,218,21202,8616,90.9645,797.888,0,38583,68250,30209,61250,333
201,218,12661,6034,89.1542,782.01,0,167,25458,28000,32042,292
206,200,11588,13084,86.9903,763.029,0,125,167,31000,46875,333
210,228,14393,6863,85.3333,748.495,0,30125,51459,29458,45500,291
214,208,13684,6420,83.7383,734.505,0,25084,29916,32875,52500,250
219,174,11448,12981,81.8265,717.735,0,125,166,30459,59541,208
223,198,14233,6945,80.3587,704.861,0,29458,35875,28250,55333,250
228,250,13231,9259,78.5965,689.404,0,209,34083,30459,54209,458
233,233,23588,11754,76.9099,674.609,0,45333,63833,31250,61750,333
238,283,13601,6911,75.2941,660.437,0,25709,28334,29125,66625,667
243,233,12933,13240,73.7449,646.848,0,125,708,32833,53500,500
248,283,16083,8548,72.2581,633.806,0,31333,36708,28417,56166,584
253,300,13847,6594,70.83,621.281,0,417,27708,31041,36458,583
258,192,11383,15617,69.4574,609.24,0,125,167,30500,52667,292
264,242,14769,8340,67.8788,595.394,0,36166,78834,31667,58833,458
269,391,12238,8516,66.6171,584.327,0,125,167,29417,35417,1166
275,12055,28368,13644,65.1636,571.578,0,36709,58041,34792,69625,38417
281,222,14559,7597,63.7722,559.374,0,28875,32375,36416,63417,417
287,4986,12729,13267,62.439,547.679,0,167,30959,35459,61334,28792
293,5152,20653,11504,61.1604,536.464,0,35625,54083,29209,67167,29834
299,235,12620,7871,59.9331,525.699,0,26292,28333,30709,37500,375
305,215,12425,16006,58.7541,515.357,0,250,34542,32625,52750,333
311,347,15963,9659,57.6206,505.415,0,30750,33875,30833,46125,917
318,4071,13477,8070,56.3522,494.289,0,208,27042,30209,33042,27250
325,226,13714,16306,55.1385,483.643,0,167,29875,31875,63875,417
331,229,14003,9047,54.139,474.876,0,28208,31750,32166,58333,500
338,214,12639,13787,53.0178,465.041,0,167,27584,31417,53667,417
345,232,20367,12093,51.942,455.606,0,39125,82208,31291,35500,459
353,3926,15672,9047,50.7649,445.28,0,28334,31542,31291,54583,29291
360,232,14177,16212,49.7778,436.622,0,208,25791,32459,50875,375
368,3994,16961,10500,48.6957,427.13,0,33125,39500,32458,36750,30208
375,565,14101,9876,47.7867,419.157,0,27958,34583,29583,38708,2709
383,197,12263,17012,46.7885,410.402,0,125,167,33125,76000,291
391,234,15114,9586,45.8312,402.005,0,33458,74834,33250,57625,500
399,3703,12743,14466,44.9123,393.945,0,29667,82042,32000,59000,27916
408,3467,21444,14154,43.9216,385.255,0,36917,55291,33416,47834,29167
416,265,15275,9169,43.0769,377.846,0,30292,43000,37666,64375,834
425,273,13531,17594,42.1647,369.845,0,27459,31167,39750,67916,875
434,3111,18667,11893,41.2903,362.175,0,36333,63666,29042,32542,26084
443,3305,12965,9989,40.4515,354.817,0,29625,34541,32833,42583,28042
452,3398,13666,18659,39.646,347.752,0,25500,28000,34333,60792,28542
462,3283,16116,10518,38.7879,340.225,0,29916,37792,33375,46042,30875
472,2983,12767,15492,37.9661,333.017,0,26167,33333,32750,62917,27583
482,208,21127,14897,37.1784,326.108,0,36334,41041,37667,114792,291
492,3712,13216,10067,36.4228,319.48,0,32458,35875,38375,50708,29500
502,3112,13607,16923,35.6972,313.116,0,28584,34542,35833,67042,29333
512,179,19025,12476,35,307,0,32209,58125,33500,68500,292
523,5140,13924,11479,34.2639,300.543,0,28542,35250,31542,37959,27834
534,4086,26614,18290,33.5581,294.352,0,38208,56083,35333,42375,41750
545,5170,16746,11264,32.8807,288.411,0,30041,34250,34959,53584,27208
557,246,14564,16578,32.1724,282.197,0,29833,35083,37042,3.30725e+06,833
569,4569,114923,18468,31.4938,276.246,0,50375,1.12704e+06,38000,82083,50333
581,10975,17184,13091,30.8434,270.54,0,32708,36083,34625,65333,35333
593,2739,14966,21411,30.2192,265.066,0,30000,35166,41750,67042,29083
605,7708,20791,15258,29.6198,259.808,0,37042,65250,35792,79542,51917
618,314,15883,14789,28.9968,254.343,0,36208,69416,37208,72292,875
631,3471,28811,18972,28.3994,249.103,0,67208,108875,33583,85917,41542
644,4596,16345,12801,27.8261,244.075,0,33875,55958,38625,74291,30958
658,2261,13039,17915,27.234,238.881,0,30166,31375,34334,58584,28292
671,5019,21935,16026,26.7064,234.253,0,32833,50250,35791,48333,33125
686,2961,15964,12248,26.1224,229.131,0,30125,39458,52042,80000,40958
700,9181,18886,21340,25.6,224.549,0,30750,47167,34375,70500,90708
715,2077,19267,14199,25.0629,219.838,0,34042,63792,35209,75417,28041
730,291,15578,16148,24.5479,215.321,0,30584,57834,33125,58417,1000
745,4038,24859,18793,24.0537,210.985,0,36375,60583,34875,56959,30333
761,1887,17057,13419,23.548,206.549,0,31834,38500,33458,66209,26791
777,273,14354,20007,23.0631,202.296,0,37792,66667,36125,72791,1166
793,6005,21188,16503,22.5977,198.214,0,31708,38167,32916,55458,31417
810,3737,16108,14150,22.1235,194.054,0,31542,34750,37084,56000,31625
827,2651,26581,23037,21.6687,190.065,0,38792,61750,37459,129083,40833
844,7330,19106,14338,21.2322,186.237,0,36458,78875,35959,67917,37500
862,1782,15585,18202,20.7889,182.348,0,30458,39584,34791,58708,27375
880,5141,23326,19906,20.3636,178.618,0,38375,58833,36375,75083,30625
898,9032,16999,14800,19.9555,175.038,0,31375,35125,34875,66125,42708
917,4482,15340,21636,19.542,171.411,0,30750,39500,38333,71917,27875
936,4548,18647,15482,19.1453,167.932,0,37417,61458,35084,67667,28542
956,1914,17063,17580,18.7448,164.418,0,31417,41666,40375,66459,34041
976,4989,24211,20739,18.3607,161.049,0,39042,57542,39834,72458,38916
996,4983,17860,15977,17.992,157.815,0,33875,56583,37083,69792,32625
1017,6444,16667,21201,17.6205,154.557,0,34042,52541,37792,52708,34166
1039,4350,21041,19076,17.2474,151.284,0,36458,55875,38625,68500,31208
1061,6645,16552,17563,16.8897,148.147,0,34791,57459,37084,44833,31791
1083,12056,28247,22794,16.5466,145.138,0,39125,55083,39542,61291,40000
1106,7770,18926,17521,16.2025,142.119,0,37334,55250,44250,74333,31875
1129,3134,17923,20277,15.8725,139.224,0,33333,58666,40041,61542,38083
1153,6840,23252,19728,15.5421,136.326,0,39625,58667,38875,62958,28750
1177,1649,18573,16343,15.2251,133.546,0,35541,43708,39167,67125,33500
1201,2491,17053,23892,14.9209,130.878,0,31334,51084,35459,56250,27666
1227,5114,20958,17628,14.6047,128.104,0,39875,58375,42792,61250,32625
1252,4741,17244,20633,14.3131,125.546,0,36625,60333,38917,66209,29833
1279,8405,24449,20765,14.0109,122.896,0,39458,58042,34667,67791,36500
1306,8885,19395,18298,13.7213,120.355,0,35542,49541,42875,78500,36083
1333,4581,17200,23832,13.4434,117.917,0,34375,49083,38291,72791,31500
1361,5200,21827,18588,13.1668,115.492,0,36417,57542,39000,68459,30458
1390,5011,18439,22753,12.8921,113.082,0,34833,39291,38083,72041,29125
1419,6369,25319,22749,12.6286,110.771,0,40917,95792,37583,66167,34209
1449,3931,18478,17966,12.3671,108.478,0,35167,53708,35375,45041,29375
1479,4205,16634,24121,12.1163,106.277,0,39166,68541,40667,71167,30750
1510,5631,22089,21264,11.8675,104.095,0,34209,59791,37292,51375,31625
1542,10522,18287,20169,11.6213,101.935,0,39500,51166,36583,66667,45459
1574,7163,25925,23202,11.385,99.8628,0,38250,58458,38583,75125,34625
1607,7712,21183,19424,11.1512,97.8121,0,35875,50875,39375,64834,30084
1641,5823,17731,23445,10.9202,95.7855,0,34334,52583,37208,49417,32167
1676,7325,23426,20132,10.6921,93.7852,0,38875,73875,36917,67167,35333
1711,8735,18831,20318,10.4734,91.8667,0,33667,44416,39250,85166,29084
1747,8538,26055,23560,10.2576,89.9737,0,39792,59000,38500,51875,30458
1783,4902,21550,19204,10.0505,88.157,0,42500,81166,37750,75000,30833
1821,11715,22378,26266,9.84075,86.3174,0,36000,50417,50833,84834,34000
1859,13589,25150,24886,9.63959,84.553,0,89791,364916,46959,89875,58000
1898,7055,20295,22609,9.44152,82.8156,0,34458,59792,34583,70542,30625
1938,10052,25469,23464,9.24665,81.1063,0,39417,57083,42500,72292,34083
1979,9492,21730,20645,9.05508,79.426,0,44750,52834,44584,67708,30250
2020,5717,18598,24300,8.87129,77.8139,0,35959,52000,40666,50750,30500
2063,11669,24109,21072,8.68638,76.192,0,37875,51000,39459,60459,35125
2106,9182,19197,23006,8.50902,74.6363,0,37958,54333,38375,68833,38166
2150,6199,26801,25005,8.33488,73.1088,0,44333,63250,36000,58541,29208
2195,9697,21842,19876,8.16401,71.61,0,43125,78750,38500,71917,29334
2242,11689,27089,25425,7.99286,70.1088,0,42000,89000,37500,65709,65166
2289,11640,22529,21650,7.82875,68.6693,0,38125,64334,42334,71625,36250
2337,9721,20098,24952,7.66795,67.2589,0,36334,44959,42708,61167,32875
2386,8266,24834,23788,7.51048,65.8776,0,38208,63083,39375,61542,35875
2436,7395,21467,22776,7.35632,64.5255,0,36833,58583,39042,68250,32459
2487,13267,26066,24638,7.20547,63.2023,0,40750,60333,53708,81750,46375
2539,7421,23712,21192,7.0579,61.9078,0,37250,45208,40625,59625,32958
2593,10588,20716,26017,6.91091,60.6186,0,37083,59208,38000,72458,39208
2647,14487,23234,22912,6.76993,59.3819,0,39958,57041,39625,58083,53541
2703,8733,21258,23059,6.62967,58.1517,0,38250,58959,41833,70875,29584
2760,16375,25892,23765,6.49275,56.9507,0,43584,68500,41542,71917,38625
2818,12023,22264,20626,6.35912,55.7786,0,39250,74333,36000,58708,57458
2877,14194,28010,24770,6.22871,54.6347,0,40583,53875,41416,73542,74459
2937,12015,23245,22722,6.10146,53.5186,0,37416,63375,39000,66000,41083
2999,14677,21857,24207,5.97533,52.4121,0,36917,57750,39541,67625,28958
3062,12554,25129,22875,5.85238,51.3338,0,35875,51875,48708,84833,35083
3126,12774,22549,24271,5.73257,50.2828,0,37958,51208,39416,57625,34375
3192,16828,26720,25761,5.61404,49.2431,0,44208,66958,38459,57250,50625
3259,11511,22938,22451,5.49862,48.2307,0,38125,53791,38792,56875,30667
3327,15542,27297,26225,5.38623,47.245,0,40792,55708,39875,66042,70834
3397,13301,23660,22068,5.27524,46.2714,0,38958,66542,37959,43375,44167
3469,13163,21564,26356,5.16575,45.311,0,40417,51333,42000,79208,63917
3542,16824,24833,23908,5.05929,44.3772,0,38708,62125,41625,74375,34958
3616,17901,22806,25166,4.95575,43.469,0,37583,61584,39416,66125,62208
3692,19757,25526,24176,4.85374,42.5742,0,38542,55041,43250,57625,64666
3770,12758,23041,24191,4.75332,41.6934,0,37250,56167,39208,60417,31750
3849,16083,27872,24631,4.65575,40.8376,0,39667,51375,40125,69542,40542
3930,15598,23929,22977,4.5598,39.9959,0,39000,57208,38958,59042,59542
4012,15857,27694,26367,4.4666,39.1785,0,41625,55792,42333,70584,42750
4096,16586,24744,24596,4.375,38.375,0,40750,60000,41000,56833,106875
4183,14678,22644,26730,4.28401,37.5769,0,38709,60000,39291,60875,53959
4270,600169,25470,24789,8.39344,73.6225,0,36416,65792,41791,74542,5.12919e+07
4360,12050,22517,25108,8.22018,72.1028,0,37959,60625,54500,223958,42916
4452,13283,27486,25880,8.05031,70.6128,0,40042,72000,94250,115208,93833
4545,29682,59306,57182,7.88559,69.1679,0,91500,113708,93000,109542,107792
4641,24716,54491,49461,7.72247,67.7371,0,91833,97917,91583,95000,122541
4738,24082,47014,46474,7.56437,66.3504,0,91167,112250,90875,93334,108625
4838,18652,44256,38885,7.40802,64.9789,0,94000,105958,93417,157917,90917
4939,16645,32947,27587,7.25653,63.6501,0,87000,94917,91084,107292,87292
5043,17250,34404,29138,7.10688,62.3375,0,90125,122500,90250,98042,88041
5149,13399,30968,28913,6.96057,61.0542,0,89917,95542,59083,93333,85417
5257,10900,30860,30442,6.81758,59.7999,0,87417,93250,89250,92666,42333
5368,14496,29393,27007,6.6766,58.5633,0,84625,93500,58375,99167,92959
5481,9649,24404,27962,6.53895,57.356,0,59416,91000,54208,60959,32209
5596,13263,26125,26745,6.40457,56.1773,0,53333,87334,48500,79000,52500
5713,11151,23562,28338,6.27341,55.0268,0,56166,93208,52416,90541,86875
5833,12455,25725,26213,6.14435,53.8947,0,51042,95958,52667,85750,53792
5956,12016,25425,28868,6.01746,52.7817,0,40084,85875,41292,87625,33250
6081,15196,26407,25603,5.89377,51.6968,0,38750,64333,40500,60667,36917
6209,14557,24837,26975,5.77227,50.631,0,41292,96500,39291,59750,51917
6339,17609,26712,26125,5.65389,49.5927,0,40708,52667,38500,72334,95792
6473,15059,24059,26477,5.53685,48.566,0,40958,56875,41125,67166,39250
6609,13158,27153,26422,5.42291,47.5667,0,39167,87333,40958,86042,35750
6747,16593,23940,27076,5.31199,46.5937,0,37416,42458,41375,73375,86500
6889,13779,26854,25973,5.2025,45.6333,0,41000,60291,40584,59916,35250
7034,13631,24779,27034,5.09525,44.6926,0,37125,50833,39583,55458,33833
7182,17516,27423,26805,4.99025,43.7717,0,36208,42750,39333,78542,50000
7333,15230,24844,26929,4.88749,42.8703,0,39584,52167,41500,59792,54042
7487,17113,28036,143793,4.78696,41.9885,0,146291,686750,676084,2.43488e+06,38042
7644,21445,28050,30236,4.68864,41.1261,0,61000,84834,59167,92875,97625
7805,15567,28935,27638,4.59193,40.2778,0,58625,76375,59250,86208,54541
7968,15819,29141,29445,4.49799,39.4538,0,56542,62708,59208,90625,86334
8136,324507,27662,28248,6.60767,57.9587,0,57209,80708,56292,85042,54167
8307,343884,28959,28004,8.62887,75.6875,0,57084,70709,57375,87958,61459
8481,11106,27047,26191,8.45183,74.1347,0,53791,69584,55542,76500,57166
8660,12048,28637,27767,8.27714,72.6023,0,53625,86958,54125,96958,54541
8842,12508,26250,26441,8.10676,71.1079,0,46542,58334,50958,95125,64041
9027,12581,28340,27398,7.94062,69.6506,0,52417,61459,52875,63834,53584
9217,12679,26220,26406,7.77693,68.2148,0,37417,60500,52208,75084,52791
9411,10727,27069,27323,7.61662,66.8086,0,53000,78750,43083,73875,36416
9608,12202,25385,28136,7.46045,65.4388,0,51834,60166,44250,89917,54875
9810,11077,26568,25956,7.30683,64.0913,0,40458,55500,39834,60542,32042
10016,12978,28094,27228,7.15655,62.7732,0,39667,58542,38084,76000,34250
10227,12586,26286,26128,7.0089,61.478,0,38667,54125,39083,60666,36042
10442,13175,28176,27251,6.86459,60.2122,0,40958,60625,38417,61625,32583
10661,11696,26389,26360,6.72357,58.9753,0,37792,50375,39083,75959,36458
10885,12504,27110,27115,6.58521,57.7617,0,41667,53417,38333,66084,35917
11114,14823,25734,27849,6.44952,56.5715,0,40833,72000,38708,79334,41041
11347,14454,27081,25322,6.31709,55.4099,0,42417,57833,34584,47834,37416
11586,15255,27188,27450,6.18678,54.2669,0,38333,58666,39250,58875,38333
11829,13258,26436,26716,6.05968,53.1521,0,40375,51875,45208,82209,36709
12078,15600,27832,27518,5.93476,52.0563,0,39916,56583,43250,69000,37917
12331,13621,25394,27038,5.81299,50.9882,0,38667,65167,40250,74084,53042
12591,14187,26756,25436,5.69296,49.9354,0,39375,51250,41084,60666,35458
12855,13663,27649,26356,5.57604,48.9098,0,37125,58250,56500,96625,33917
13125,14343,25594,28588,5.46133,47.9037,0,42500,58500,41083,60250,38292
13401,17846,29078,27731,5.34885,46.9171,0,42084,61125,40542,61750,40417
13683,16684,27816,27220,5.23862,45.9502,0,40042,57250,41542,59917,36042
13970,17176,27305,27384,5.13099,45.0062,0,41042,60042,43417,77500,36667
14264,15668,27504,26520,5.02524,44.0785,0,39375,60542,41750,62042,33209
14563,15807,27659,27254,4.92206,43.1735,0,37458,69750,36167,50125,58292
14869,15088,27656,26353,4.82077,42.285,0,40625,52916,37959,65334,35750
15182,16826,27500,27218,4.72138,41.4133,0,41167,56584,38958,59625,37958
15501,16865,26881,27012,4.62422,40.561,0,37458,52833,38167,80834,45167
15826,17753,26728,27920,4.52926,39.728,0,41500,65958,45625,60292,42625
16159,18277,27575,27228,4.43592,38.9093,0,42000,60250,43333,55792,42417
16498,462380,27018,27705,7.60335,66.6922,0,37958,55125,41834,55125,90833
16845,156471,26628,27905,8.51054,74.6496,0,38500,48000,38708,64041,41625
17199,11598,26799,26613,8.33537,73.1131,0,37500,59709,38083,67292,32417
17560,11472,27780,27180,8.16401,71.61,0,41500,56750,38292,59875,51541
17929,10299,27543,26799,7.99598,70.1362,0,38708,58667,37167,59875,32375
18306,12685,26967,26974,7.83131,68.6918,0,45542,76000,38875,77291,37666
18691,10560,27172,27074,7.67,67.2769,0,37625,65625,43584,66875,37750
19083,12286,27235,26588,7.51245,65.8949,0,40000,60666,38958,65000,36708
19484,12511,28438,27558,7.35783,64.5387,0,41417,64125,39708,57375,34167
19894,12417,26333,27296,7.20619,63.2086,0,37291,62000,41417,53292,39000
20312,12593,27255,27395,7.0579,61.9078,0,39958,64125,41417,59792,40875
20739,12986,28265,27586,6.91258,60.6332,0,37208,56834,38750,67625,35250
21174,12974,27843,28601,6.77057,59.3876,0,43833,67500,38667,56375,37000
21619,12258,27496,28064,6.6312,58.1651,0,39167,53209,38167,62208,36459
22074,13923,27046,30018,6.49452,56.9662,0,40792,53750,40917,71709,38041
22537,13201,27187,27101,6.3611,55.7959,0,41250,51625,41125,71667,35459
23011,13664,27063,27567,6.23006,54.6466,0,38625,52458,42333,60417,36292
23494,14811,27972,27388,6.10198,53.5231,0,38916,55875,50333,81292,37875
23988,15510,27004,27660,5.97632,52.4209,0,39292,48583,40000,67291,41125
24492,14642,26333,27715,5.85334,51.3422,0,38959,54833,41875,80833,39708
25007,15262,27195,28181,5.73279,50.2848,0,36250,40000,42209,58625,38708
25532,15496,27098,27512,5.61491,49.2508,0,39292,60042,41209,72000,37084
26069,15260,26559,27350,5.49925,48.2363,0,37584,61208,42042,77292,40417
26616,16693,27600,27491,5.38623,47.245,0,38083,55000,42083,58459,43541
27176,16150,27147,28236,5.27524,46.2714,0,43458,82292,42417,59167,44959
27747,16556,29279,28284,5.16668,45.3192,0,40334,61917,45625,61125,43709
28330,17684,28246,27523,5.06036,44.3866,0,39584,59000,39042,66333,41208
28925,16031,26819,28122,4.95627,43.4735,0,40416,55125,45459,56584,42417
29533,17355,30602,29809,4.85423,42.5785,0,38792,63042,89459,160250,35916
30153,17357,28138,31849,4.75442,41.703,0,43333,53709,39625,59166,86917
30787,20019,30048,31113,4.65651,40.8443,0,46000,61375,37750,61750,98083
31434,98749,27443,30200,5.13075,45.004,0,38834,53666,38750,57542,42041
32094,99407,33720,31427,5.5836,48.9761,0,48125,97625,37375,78459,51459
32768,177312,28141,30384,6.5625,57.5625,0,35958,51916,42542,66458,45833
33457,322898,29567,28905,8.56981,75.1694,0,42625,59833,38583,77625,50750
34160,11898,30705,27726,8.39344,73.6225,0,37541,57209,39958,65666,39667
34878,13621,27578,27830,8.22065,72.1069,0,39916,54708,39000,65500,92125
35611,11858,29311,26853,8.05144,70.6227,0,41167,98792,39209,68167,44834
36359,11918,27968,27944,7.88581,69.1698,0,43333,72750,39292,82333,42125
37123,12122,27273,26732,7.72351,67.7462,0,39250,57459,39000,76458,43208
37903,12777,29490,30031,7.56457,66.3521,0,39417,59125,40584,61875,39625
38699,14737,31426,29519,7.40898,64.9873,0,45167,66500,41250,63209,38500
39512,12828,27545,42664,7.25653,63.6501,0,97166,310375,97750,119000,43417
40343,22728,44405,49525,7.10706,62.339,0,98542,113167,99459,174625,109666
41190,21249,42511,41796,6.96091,61.0571,0,97958,148833,100667,131250,96583
42056,20168,45335,41579,6.81758,59.7999,0,100417,120250,96500,114416,94417
42939,20570,42510,43074,6.67738,58.5702,0,95917,112125,97625,129792,94750
43842,20657,41183,39437,6.53985,57.3638,0,96542,102125,97042,107625,94834
44763,20326,36743,38913,6.40529,56.1835,0,99917,117667,96542,103541,94875
45703,20340,41256,38245,6.27355,55.028,0,95875,173458,97208,108500,99541
46664,18735,40031,41956,6.14435,53.8947,0,98750,174917,97250,103583,93375
47644,21025,39954,35706,6.01797,52.7862,0,99209,114666,96875,106250,97000
48645,21472,35801,38472,5.89413,51.6999,0,96250,134667,96875,103250,93500
49668,22961,36523,43203,5.77273,50.6351,0,98041,115167,96916,119709,95958
50711,20637,37088,35297,5.654,49.5937,0,95625,108208,95958,119541,93792
51777,20018,35720,35752,5.53759,48.5726,0,94459,99334,93917,102666,93083
52865,19759,34768,35632,5.42363,47.5729,0,94459,101000,94458,118916,94209
53975,18945,37011,35481,5.31209,46.5946,0,95125,113083,95583,110250,92750
55109,19998,36029,38431,5.20278,45.6358,0,94542,99500,95125,100542,93250
56267,20323,38464,34155,5.0957,44.6966,0,93958,104500,94750,112125,93417
57450,22182,34299,34548,4.99077,43.7762,0,93292,98458,94375,107500,97041
58657,20989,33848,32579,4.88808,42.8754,0,93959,96458,94459,99666,94459
59889,19716,33935,35647,4.78752,41.9934,0,94042,102208,96333,149625,92042
61148,21944,34605,35488,4.68895,41.1288,0,92625,121375,92792,98417,96292
62433,21552,36103,34027,4.59244,40.2823,0,94250,118333,93542,101083,92500
63744,118698,32084,33444,5.06024,44.3855,0,93041,97458,91750,96417,95167
65084,301871,33044,32788,6.60808,57.9623,0,94292,105375,92542,96958,94459
66451,297257,33186,32088,8.09017,70.9624,0,90167,95875,94667,99083,92791
67848,113449,32990,33181,8.45183,74.1347,0,93375,99125,90667,96375,93084
69273,12894,31534,32166,8.27797,72.6096,0,89709,99541,90500,101375,92042
70729,13599,31751,33235,8.10757,71.1149,0,90959,106791,91042,97625,89958
72215,13407,32480,32486,7.94073,69.6516,0,87042,93500,90375,98333,90041
73732,15011,31560,32951,7.77736,68.2185,0,73458,97375,89417,96000,94666
75282,60606,43214,33914,7.61723,66.814,0,71250,94167,65958,91917,188667
76863,14609,34166,33164,7.46055,65.4397,0,54417,89209,44959,92666,91250
78478,13722,32045,31212,7.30702,64.093,0,40667,53084,43042,71542,89459
80127,14396,31672,31609,7.15664,62.7739,0,36625,59584,46334,81125,89334
81811,16107,30465,46351,7.00933,61.4818,0,93750,513916,41209,58542,93042
83530,24180,48475,42325,6.86508,60.2165,0,40459,52791,41375,60083,226167
85285,22303,53325,47121,6.72381,58.9774,0,40917,110583,38083,79708,228792
87077,24785,51177,52140,6.58544,57.7637,0,48334,117916,38417,276583,238625
88907,22385,41247,52049,6.44989,56.5747,0,41333,69625,38916,52792,227167
90775,26012,40954,39515,6.31716,55.4105,0,49209,195416,41834,69125,236083
92682,24916,42172,45293,6.18718,54.2704,0,39833,64667,42541,73458,227791
94630,22727,38394,48262,6.05981,53.1532,0,41833,131791,39083,68708,219500
96618,22376,41887,44685,5.93513,52.0595,0,40250,64875,50333,222583,203666
98648,23638,42372,42122,5.81299,50.9882,0,39709,55042,38792,58834,199750
100721,22348,45495,45256,5.69335,49.9388,0,37792,51833,39041,73208,199084
102838,23345,43844,46110,5.57615,48.9108,0,43791,88583,41834,66209,199875
104998,34448,42769,43567,5.46144,47.9046,0,37125,49917,38208,70916,807792
107205,22639,39093,41658,5.349,46.9184,0,48167,88542,51166,221625,213209
109457,22792,43449,40884,5.23895,45.9531,0,39167,60958,41125,57541,214083
111757,24645,40785,46960,5.13113,45.0074,0,40834,90708,40667,119750,196792
114105,24354,39778,34751,5.02555,44.0812,0,37333,59416,54458,134167,219458
116503,23397,41617,43531,4.92211,43.1739,0,39708,59417,41209,73667,204959
118951,24176,41301,36902,4.82081,42.2854,0,37708,51375,42542,59708,185667
121450,24775,41680,39227,4.72161,41.4153,0,42375,60500,40292,67709,223500
124002,24489,40846,41971,4.62444,40.563,0,38750,52459,39166,54875,187042
126608,83734,38685,40498,4.81233,42.211,0,37125,52250,44709,60542,208625
129268,536997,56345,64498,6.2382,54.718,0,97375,112292,97500,124333,267709
131984,393423,63387,62185,7.19602,63.1194,0,97458,223833,95375,108708,276750
134757,331390,59710,67028,7.97881,69.9855,0,98209,159958,95083,108500,268291
137589,147596,62671,60267,8.20531,71.9723,0,95500,118125,99041,301667,226125
140480,65940,67706,58193,8.16401,71.61,0,934916,997667,94417,112250,229834
143432,24489,58973,61665,7.99598,70.1362,0,96292,261125,95667,119000,217125
146446,22954,55766,53834,7.83142,68.6927,0,95084,113042,98000,132292,199083
149523,23714,52123,56841,7.67026,67.2791,0,95083,154333,97250,122000,221917
152664,23681,59839,57319,7.51245,65.8949,0,94042,114583,93750,102291,208625
155872,25912,48813,55219,7.35783,64.5387,0,94583,98667,96917,182166,216334
159147,23949,54804,59786,7.20642,63.2106,0,93125,101709,92833,97334,196625
162491,24050,53910,53481,7.05811,61.9097,0,94125,103708,93500,184166,193667
165906,24237,53310,52817,6.91283,60.6354,0,93916,98958,92625,112291,199958
169392,25015,50017,51578,6.77057,59.3876,0,94958,112709,96542,237583,196458
172951,24898,52128,47319,6.63124,58.1655,0,92916,99792,97291,101875,211625
176585,23999,48357,52198,6.49478,56.9685,0,92958,198750,94167,101917,180375
180296,26274,49077,47406,6.3611,55.7959,0,93917,157709,94250,100125,207792
184084,24682,51290,50993,6.2302,54.6477,0,94333,98208,92416,100208,197708
187952,24387,54278,48115,6.10198,53.5231,0,92750,110625,93459,99958,193750
191901,24960,42712,47123,5.97641,52.4217,0,92000,101041,92916,98042,203000
195933,25063,45501,44217,5.85343,51.3429,0,92000,97458,94209,116625,210917
200050,26124,46849,42227,5.73297,50.2863,0,91458,94708,92917,104084,208250
204254,25124,47442,50212,5.61497,49.2513,0,92042,97708,94958,111083,169459
208546,36209,76724,76167,5.49941,48.2377,0,97917,223917,100167,230250,259834
212928,40835,70050,70414,5.38623,47.245,0,96041,241625,101583,243625,253334
217402,40348,70093,69433,5.27539,46.2727,0,97292,228000,99125,110375,250125
221970,40088,67904,69197,5.16682,45.3204,0,99583,266084,95042,244459,233666
226634,37724,63249,66003,5.06049,44.3878,0,95166,205875,94709,208500,234125
231396,39403,70146,64870,4.95635,43.4743,0,93834,98125,96291,166833,240667
236258,37837,64149,63839,4.85435,42.5796,0,95916,263750,95125,113292,235375
241222,38407,63509,64016,4.75446,41.7034,0,96208,226541,93584,96792,226958
246291,62159,61877,65367,4.72936,41.4833,0,102041,236750,95917,234000,236041
251466,62918,69720,62687,4.7033,41.2547,0,93958,113625,95833,110167,228875
256750,331321,58986,63728,5.51385,48.3643,0,93875,109916,94833,104625,254542
262144,614325,74858,75588,6.83594,59.9609,0,291959,326042,266458,312458,275209
267653,519449,74035,77574,7.90038,69.2976,0,274375,347916,274333,310084,264792
273277,290369,77766,74587,8.39353,73.6233,0,289459,319708,265083,369416,250917
279019,29941,233009,77239,8.2208,72.1082,0,265625,348792,274667,312042,240000
284882,29957,69013,74209,8.05161,70.6242,0,268000,345500,271750,320917,234541
290867,30566,71745,72291,7.88594,69.171,0,271875,309542,265333,310542,238167
296979,30346,74071,69244,7.72364,67.7474,0,242833,316125,259459,348666,235209
303219,31123,88377,83778,7.5647,66.3532,0,304500,349667,280208,340750,231833
309591,34294,78251,76674,7.409,64.9875,0,298000,336542,288292,352209,236959
316096,35380,77780,78178,7.25653,63.6501,0,269417,312416,252000,307833,233875
322738,34948,79898,69146,7.10719,62.3402,0,262917,310917,241709,310334,236625
329519,34431,75722,78187,6.96093,61.0573,0,239833,306708,264625,308125,230458
336443,35030,77617,70113,6.81768,59.8008,0,246125,349000,231250,300375,235917
343512,33489,72029,68513,6.67738,58.5702,0,236333,316500,265166,317041,228167
350730,35340,73580,63267,6.53996,57.3648,0,237458,299000,213167,337083,225708
358100,35891,69709,71853,6.40536,56.1842,0,216125,312042,101459,268583,231708
365624,34057,68913,66307,6.27355,55.028,0,93291,238959,91750,155375,225958
373307,34687,67959,69518,6.14443,53.8955,0,94792,223459,92125,137750,233500
381151,34561,65784,66530,6.01798,52.7863,0,93250,144916,95750,136583,229208
389159,38933,74965,84304,5.89415,51.7001,0,270208,310792,292084,330000,238334
397337,40719,82084,78833,5.77283,50.636,0,285459,338125,276583,351458,237500
405685,40943,81954,76515,5.65404,49.594,0,277250,328000,280834,345959,233875
414210,42298,79715,76518,5.53767,48.5733,0,269458,316375,255833,344458,244125
422913,41970,78290,79408,5.42372,47.5737,0,237792,334167,241500,298833,228375
431799,41872,74763,73407,5.3121,46.5947,0,238084,322583,238292,323917,235500
440872,41543,70995,74823,5.20278,45.6358,0,243875,317333,242292,314458,237125
450136,42560,73698,70615,5.0957,44.6966,0,1.07962e+06,1.21067e+06,248666,317958,237166
459594,40745,69943,71607,4.99084,43.7768,0,223084,317292,227208,309583,233375
469251,42640,68188,67825,4.88813,42.8759,0,221709,264875,216708,288708,236917
479111,41174,71705,73519,4.78753,41.9935,0,213625,253875,214125,281292,227459
489179,46936,83537,84900,4.689,41.1292,0,292208,331750,297875,340125,239250
499457,110719,77576,79343,4.73602,41.5417,0,265125,337125,294459,363166,245583
509952,283271,82130,79344,5.2008,45.6185,0,291792,343209,268667,352708,246625
520667,501103,80045,82853,6.19513,54.3401,0,310917,357958,269375,343041,249000
531607,693460,83380,79349,7.58455,66.5273,0,265667,310083,284583,333625,260209
542777,396829,81526,82175,8.28687,72.6876,0,294125,341333,297083,347000,234958
554182,100520,84082,76793,8.278,72.6099,0,270542,339583,278959,350458,219708
565827,32534,79503,79195,8.10764,71.1156,0,269167,320084,281208,347417,221458
577716,33038,76937,81805,7.94079,69.6521,0,267917,330959,272500,312458,215584
589855,32018,76627,73861,7.77737,68.2186,0,244084,334792,261459,316750,204750
602249,33563,82114,75032,7.61731,66.8147,0,274792,382958,255042,331750,217292
614904,34502,74140,79743,7.46055,65.4397,0,244000,314625,274375,349208,226209
627824,34634,77697,77678,7.30702,64.093,0,275167,352042,277208,340250,215000
641016,35337,85533,86621,7.15664,62.7739,0,348292,1.02062e+06,317916,1.12221e+06,219625
654485,37782,84197,78485,7.00936,61.4821,0,312667,386167,290750,362125,233416
668237,36654,80450,79769,6.86511,60.2168,0,261416,346416,285084,351625,224875
682278,36221,76486,82099,6.72383,58.9776,0,283708,359667,279250,359875,212208
696615,39902,86432,83913,6.58545,57.7638,0,310875,425250,311417,377125,223209
711252,39981,80037,82768,6.44992,56.575,0,344459,400791,288958,379583,226250
726197,39485,80872,81147,6.31718,55.4107,0,296750,382750,320917,380833,220375
741456,43841,91598,87775,6.18718,54.2704,0,334375,394583,370167,417083,233709
757035,46005,87875,87129,6.05985,53.1536,0,335250,403375,345167,432500,244791
772942,46581,96654,97555,5.93514,52.0597,0,389666,519833,345667,424166,237625
789183,48131,89490,93116,5.813,50.9883,0,348125,451083,356167,431750,236500
805766,48173,90167,95944,5.69337,49.9389,0,322375,404667,384541,451666,237709
822697,65543,87757,92702,5.5762,48.9112,0,329083,421584,330458,450333,289666
839983,54750,98477,95277,5.46144,47.9047,0,409083,443958,421958,491583,255875
857633,53557,95131,89411,5.34905,46.9188,0,381791,474500,378625,478084,248750
875654,52441,93882,97602,5.23896,45.9532,0,373375,453209,403666,454542,234542
894053,53433,92387,91233,5.13115,45.0075,0,381917,465333,380667,466666,241333
912839,52659,85660,233585,5.02555,44.0813,0,379375,462792,363041,458042,251334
932020,52820,88532,87538,4.92213,43.1741,0,408750,495542,374375,481167,248333
951603,54107,88315,93057,4.82083,42.2856,0,383667,469750,390375,471542,252042
971599,54708,92440,92850,4.72162,41.4153,0,360917,507458,364709,459250,244042
992014,63775,95012,94672,4.64252,40.7215,0,378542,469208,393334,477292,250875
1.01286e+06,193418,93075,94194,4.83006,42.3665,0,364917,461291,348334,448417,253833
1.03414e+06,544069,100436,97168,5.64906,49.5503,0,367542,462375,374875,447500,267250
1.05587e+06,1.06434e+06,100723,101756,7.43364,65.2037,0,387000,468625,356917,456709,292958
1.07806e+06,561673,102710,101375,8.22814,72.1726,0,385625,472708,387542,477541,257125
1.10071e+06,180194,101134,97844,8.3193,72.9721,0,371916,468041,361333,459417,208792
1.12384e+06,48859,97276,98426,8.16404,71.6103,0,369333,474084,412333,498458,190500
1.14745e+06,41411,92496,95047,7.99602,70.1365,0,352666,447250,367875,492625,190125
1.17156e+06,40625,92858,93466,7.83147,68.6931,0,339375,488083,365541,450041,177791
1.19618e+06,42442,98982,98265,7.6703,67.2795,0,378333,453333,392708,496583,182208
1.22131e+06,42707,94245,94710,7.51245,65.8949,0,349083,405541,392333,453708,166625
1.24698e+06,42920,92914,93015,7.35784,64.5388,0,379958,453250,363000,505959,193458
1.27318e+06,43978,93356,96706,7.20642,63.2106,0,363292,436167,350708,443125,189125
1.29993e+06,43760,92191,94003,7.05811,61.9097,0,352542,446250,339417,453959,191583
1.32724e+06,44744,98618,90792,6.91286,60.6357,0,329500,478083,325584,426208,193292
1.35513e+06,45821,96211,98951,6.77059,59.3878,0,312500,439959,325500,421167,186875
1.38360e+06,46709,94519,94950,6.63126,58.1656,0,326250,481459,352750,488875,193208
1.41268e+06,46609,99070,98162,6.49479,56.9686,0,364708,494500,299458,469542,191625
1.44236e+06,48239,93567,99131,6.36113,55.7962,0,311417,469042,319875,489042,190417
1.47267e+06,47561,94244,94384,6.23022,54.6479,0,264542,444375,305625,467166,174541
1.50361e+06,48220,99637,99958,6.102,53.5233,0,1.63633e+06,1.86021e+06,264625,355875,181792
1.53521e+06,50095,95878,93780,5.97642,52.4218,0,277667,422292,281459,388583,189958
1.56746e+06,50407,96883,94441,5.85343,51.3429,0,277083,397250,256708,376041,201958
1.6004e+06,50942,94346,94456,5.73297,50.2863,0,240042,346333,282459,418083,202000
1.63403e+06,51276,92434,92126,5.61499,49.2515,0,278500,422250,281125,357750,193666
1.66836e+06,52796,99482,101392,5.49943,48.2379,0,251375,334209,281459,403250,190709
1.70342e+06,55112,97835,97000,5.38626,47.2452,0,280209,454125,254208,308709,189791
1.73921e+06,54986,94785,95726,5.27541,46.2729,0,252709,328875,265000,331500,183667
1.77575e+06,55651,97278,95832,5.16684,45.3206,0,288667,400458,259417,473916,187458
1.81307e+06,55766,96374,97724,5.06051,44.3879,0,264459,367625,290708,381000,178375
1.85116e+06,58921,100346,97726,4.95637,43.4744,0,294792,402458,282084,376125,201458
1.89006e+06,58185,93899,98926,4.85436,42.5797,0,275958,392375,268042,413333,181084
1.92977e+06,70893,102393,101920,4.75446,41.7034,0,296875,414250,290458,432000,230166
1.97032e+06,65974,101538,100183,4.66571,40.925,0,1.63462e+06,1.90838e+06,301167,470292,181084
2.01172e+06,91945,101076,103208,4.62314,40.5516,0,300625,435667,332542,446500,196834
2.05399e+06,472125,101111,100000,5.29575,46.4513,0,288875,433666,248667,380500,237000
2.09715e+06,959156,101958,104134,6.81885,59.811,0,271042,428959,295875,450375,255792
2.14122e+06,783081,102971,101275,8.01757,70.3255,0,300000,407791,288542,492042,220750
2.18621e+06,311012,103541,100621,8.34438,73.1921,0,291291,435125,311083,507250,155166
2.23215e+06,68751,101892,105912,8.22082,72.1083,0,267917,498458,293125,378208,142958
2.27905e+06,44684,104373,111738,8.05164,70.6244,0,289959,715541,301125,486625,145000
2.32694e+06,43686,102554,102215,7.88594,69.171,0,307208,418625,315083,829708,141167
2.37583e+06,44473,105760,103538,7.72365,67.7474,0,311500,436584,314458,476500,140875
2.42575e+06,45552,106066,107499,7.5647,66.3532,0,276958,612083,348208,795458,144667
2.47672e+06,46545,101092,104626,7.40902,64.9877,0,281125,604042,293125,402375,141792
2.52876e+06,46707,106957,102487,7.25654,63.6503,0,290125,417084,278458,357958,142833
2.5819e+06,47504,99685,105786,7.10721,62.3404,0,264792,402916,268334,396709,143041
2.63615e+06,48834,108291,109260,6.96094,61.0574,0,303209,368125,300709,377541,145291
2.69154e+06,49233,104638,109072,6.81769,59.8009,0,294875,418000,280792,403000,143375
2.7481e+06,50780,105176,107619,6.67738,58.5702,0,289208,356291,234667,375041,143250
2.80584e+06,57133,101988,102168,6.53996,57.3648,0,290709,336625,305542,396875,149750
2.8648e+06,54141,103092,107518,6.40537,56.1843,0,294667,447292,321833,456250,148791
2.92499e+06,53142,107240,104495,6.27355,55.028,0,301250,447417,310666,458709,146458
2.98645e+06,54559,105223,106434,6.14445,53.8956,0,301959,390709,284334,434125,144542
3.0492e+06,55265,100667,106391,6.01799,52.7864,0,289000,432292,289916,423166,145083
3.11327e+06,55571,104535,104860,5.89415,51.7001,0,291208,392833,349000,410750,144375
3.17869e+06,55986,107031,106275,5.77285,50.6361,0,296792,400875,264500,411459,143667
3.24548e+06,57619,107733,105455,5.65404,49.594,0,315041,449750,250042,495750,145291
3.31367e+06,60142,109045,108275,5.53768,48.5734,0,327292,472542,290542,389042,150250
3.3833e+06,60027,108119,106599,5.42372,47.5738,0,293208,434083,302250,418083,144708
3.45439e+06,60273,106490,105926,5.3121,46.5947,0,243458,363209,325500,458500,144000
3.52698e+06,62703,108750,111566,5.20278,45.6358,0,346709,1.64804e+06,250917,390875,152792
3.60108e+06,69204,110214,108353,5.09571,44.6966,0,257209,460250,313958,452000,168084
3.67675e+06,63856,108807,109494,4.99084,43.7768,0,277583,453375,315375,387000,146542
3.75401e+06,65412,109705,113267,4.88813,42.8759,0,340834,379250,267750,380166,154209
