num_entries,insertion_time,non_exs_query_time,memory,tail-99,tail-99-non-exs
100,292,74,357.44,29417,125
200,161,64,178.72,917,291
300,166,71,119.147,708,292
400,163,79,89.36,625,167
500,162,76,71.488,708,250
600,249,83,59.5733,666,333
700,187,87,51.0629,1167,500
800,185,70,44.68,667,291
900,167,74,39.7156,541,334
1000,150,69,35.744,542,250
1100,1795,412,32.4945,64708,500
1200,199,185,29.7867,44834,667
1300,367,404,27.4954,56083,29291
1400,667,79,25.5314,44958,333
1500,960,734,23.8293,105917,31667
1600,221,409,22.34,61208,625
1700,560,398,21.0259,41958,333
1800,187,367,19.8578,135292,29875
1900,171,397,18.8126,32166,459
2000,204,88,17.872,57083,375
2100,1019,928,17.021,62083,375
2200,667,840,16.2473,44583,292
2300,1002,837,15.5409,71417,375
2400,1575,456,14.8933,106416,333
2500,1135,520,14.2976,50500,42209
2600,1177,87,13.7477,74375,333
2700,625,107,13.2385,53791,292
2800,686,91,12.7657,49458,37166
2900,1306,853,12.3255,75334,37916
3000,687,510,11.9147,76333,291
3100,1121,719,11.5303,44250,34333
3200,809,795,11.17,45541,23625
3300,1765,1072,10.8315,34209,26166
3400,1443,344,10.5129,70375,25291
3500,1191,653,10.2126,124667,25083
3600,1979,597,9.92889,36958,27208
3700,1392,629,9.66054,42458,292
3800,1337,381,9.40632,53500,31292
3900,4899,82,17.8297,39833,334
4000,186,638,17.384,52083,27417
4100,2485,1489,16.96,50958,37750
4200,1799,598,16.5562,31625,458
4300,831,1576,16.1712,31792,28875
4400,1091,1150,15.8036,1.19389e+07,709
4500,27119,1709,15.4524,9.57583e+06,34375
4600,1114,1441,15.1165,43166,32750
4700,1317,1098,14.7949,272917,33500
4800,1494,453,14.4867,109792,35000
4900,1884,1777,14.191,5.11775e+06,41791
5000,2443,818,13.9072,204750,123916
5100,1865,96,13.6345,1.28225e+06,33250
5200,19524,1368,13.3723,124125,37208
5300,2061,434,13.12,37584,28750
5400,1149,985,12.877,54875,32084
5500,1940,1469,12.6429,225209,34541
5600,3369,102,12.4171,758875,34833
5700,4855,1018,12.1993,684708,120125
5800,2247,892,11.989,57334,25625
5900,2328,1664,11.7858,31750,27542
6000,2442,612,11.5893,102625,25292
6100,296,343,11.3993,31750,24667
6200,1816,1302,11.2155,53750,27958
6300,2034,407,11.0375,36458,29584
6400,1495,880,10.865,57458,26083
6500,2008,932,10.6978,86792,22708
6600,2885,991,10.5358,48292,27625
6700,3129,353,10.3785,48667,23958
6800,927,615,10.2259,54083,333
6900,890,1004,10.0777,56458,375
7000,2067,997,9.93371,58542,416
7100,1286,1817,9.7938,35791,458
7200,2397,1530,9.65778,57000,23750
7300,2717,1345,9.52548,68334,30042
7400,1507,1162,9.39676,62833,23917
7500,3421,707,9.27147,56333,31042
7600,1586,1006,9.14947,57583,28709
7700,2366,1885,9.03065,68958,30208
7800,9017,1291,17.5795,49750,24208
7900,1547,2116,17.357,49625,30250
8000,922,1249,17.14,33542,28209
8100,2794,2464,16.9284,32208,28084
8200,1677,633,16.722,29084,27916
8300,2549,1214,16.5205,31500,28167
8400,1349,1782,16.3238,33958,28542
8500,418,2212,16.1318,35292,24208
8600,1806,3100,15.9442,48042,32000
8700,2695,600,15.7609,33375,23875
8800,808,603,15.5818,55042,24166
8900,1959,939,15.4067,25667,625
9000,1782,997,15.2356,36166,29209
9100,485,842,15.0681,50916,23500
9200,1293,1803,14.9043,48583,24167
9300,1898,368,14.7441,53333,46333
9400,1865,1135,14.5872,122000,375
9500,1344,795,14.4337,33500,500
9600,792,1141,14.2833,55917,24208
9700,1366,2274,14.1361,58292,333
9800,1671,1381,13.9918,38458,25791
9900,210,2194,13.8505,46958,34083
10000,1201,1030,13.712,44375,28916
10100,1998,2280,13.5762,37458,24375
10200,2267,1784,13.4431,37708,24625
10300,3110,1880,13.3126,35291,31917
10400,490,406,13.1846,61750,33083
10500,1619,1642,13.059,66292,24375
10600,1680,616,12.9358,57417,29458
10700,732,2229,12.815,53292,28542
10800,2027,836,12.6963,36375,24708
10900,1713,2096,12.5798,63625,32333
11000,1715,1609,12.4655,38625,30209
11100,3329,2918,12.3532,75000,26917
11200,1547,825,12.2429,46500,25041
11300,2625,1584,12.1345,59291,33292
11400,1832,1140,12.0281,48333,28500
11500,1522,849,11.9235,57500,25208
11600,2718,1909,11.8207,61041,31833
11700,1436,1331,11.7197,62291,25417
11800,2544,647,11.6203,52667,24542
11900,2272,1903,11.5227,69125,30041
12000,1309,1106,11.4267,48625,24583
12100,1959,615,11.3322,48458,24250
12200,1324,1516,11.2393,49541,27375
12300,1942,1835,11.148,61708,35166
12400,1314,1423,11.0581,55584,25333
12500,2250,3368,10.9696,67291,31917
12600,2005,1217,10.8825,86209,27583
12700,2413,372,10.7969,48250,28459
12800,1011,1440,10.7125,38791,458
12900,1840,1347,10.6295,61666,30959
13000,1424,1642,10.5477,67875,26875
13100,2058,1595,10.4672,51333,26125
13200,1615,1342,10.3879,80000,26834
13300,2307,3400,10.3098,48417,24791
13400,2935,1931,10.2328,52583,33541
13500,3063,2550,10.157,63583,29833
13600,931,2588,10.0824,51291,792
13700,1657,3083,10.0088,54875,27208
13800,1765,1502,9.93623,79958,24500
13900,1693,1048,9.86475,53834,24583
14000,2387,1357,9.79429,66500,36750
14100,2786,1327,9.72482,64459,32542
14200,2909,1136,9.65634,48375,24750
14300,2909,2165,9.58881,49750,29583
14400,1857,647,9.52222,62500,34250
14500,2837,2092,9.45655,50375,25292
14600,661,1276,9.39178,52542,27792
14700,1485,1345,9.32789,65125,30167
14800,2229,1866,9.26486,69375,24375
14900,2336,2669,9.20268,67334,27708
15000,1339,2987,9.14133,88875,30084
15100,1554,1242,9.08079,37084,27417
15200,2902,2055,9.02105,90250,33500
15300,3793,1375,8.96209,63791,31875
15400,2573,1361,8.9039,69542,24750
15500,1856,1892,8.84645,62875,65000
15600,18824,1552,17.4544,57000,24583
15700,1727,552,17.3432,67458,23791
15800,1224,1566,17.2334,59625,29708
15900,3248,2288,17.125,68459,24083
16000,1683,572,17.018,66208,23709
16100,1228,910,16.9123,62333,29208
16200,4782,1819,16.8079,57625,24583
16300,1559,2972,16.7048,53417,24666
16400,1511,2429,16.6029,27000,24625
16500,1055,2202,16.5023,32916,29750
16600,2348,1849,16.4029,48334,26958
16700,1512,1278,16.3047,34125,24875
16800,428,2034,16.2076,35000,31667
16900,1081,1105,16.1117,57708,24833
17000,2312,1310,16.0169,48125,24875
17100,2272,3014,15.9233,31459,28959
17200,2368,1906,15.8307,35084,31125
17300,2371,1083,15.7392,63208,25000
17400,1780,1051,15.6487,32416,24833
17500,3080,1957,15.5593,59750,23417
17600,1561,2058,15.4709,33167,24000
17700,1243,1454,15.3835,31292,28833
17800,3897,370,15.2971,34625,29000
17900,1317,2033,15.2116,60250,24333
18000,1775,818,15.1271,48375,26291
18100,1925,2266,15.0435,36083,35375
18200,646,1362,14.9609,86292,27541
18300,1281,2483,14.8791,29958,28084
18400,1873,3111,14.7983,54125,31792
18500,3742,3437,14.7183,70334,30042
18600,1627,947,14.6391,58625,25833
18700,2301,3105,14.5609,48125,27750
18800,2051,930,14.4834,85417,26917
18900,2067,1942,14.4068,48334,26083
19000,2602,3127,14.3309,52917,30958
19100,1869,2809,14.2559,57834,34292
19200,2074,770,14.1817,48750,31542
19300,1902,1888,14.1082,48334,31417
19400,1388,2443,14.0355,89000,28750
19500,2886,1129,13.9635,48791,24875
19600,2445,2462,13.8922,48791,40041
19700,1485,1831,13.8217,63542,33209
19800,2935,3287,13.7519,48875,28292
19900,2502,1329,13.6828,51084,25750
20000,1290,1073,13.6144,82209,24250
20100,2772,1341,13.5467,60709,24667
20200,1571,2947,13.4796,59625,34250
20300,2405,2427,13.4132,59542,42917
20400,1940,1845,13.3475,38750,417
20500,1858,872,13.2823,66584,26125
20600,1756,2347,13.2179,98292,24084
20700,1810,1078,13.154,48750,24375
20800,1999,3137,13.0908,52291,30167
20900,1806,2013,13.0281,64833,34125
21000,2431,2669,12.9661,40834,24292
21100,3423,1154,12.9046,50959,25708
21200,1585,712,12.8438,78833,31375
21300,1566,1609,12.7835,51167,24417
21400,1542,2707,12.7237,55708,26500
21500,1572,1725,12.6646,58041,29375
21600,2661,2507,12.6059,47292,26417
21700,1606,1920,12.5478,68958,26167
21800,2050,2355,12.4903,66000,31458
21900,1695,1322,12.4332,51250,24792
22000,1750,2160,12.3767,52000,24125
22100,2244,3196,12.3207,59209,30875
22200,1813,1350,12.2652,63916,37042
22300,1613,3155,12.2102,61500,25042
22400,2642,2166,12.1557,75125,25625
22500,1987,1996,12.1017,48625,29250
22600,2012,3730,12.0481,52125,25041
22700,2234,3882,11.9951,61917,33458
22800,799,2097,11.9425,107042,38292
22900,2039,4568,11.8903,93541,107958
23000,3817,2419,11.8386,99583,39541
23100,4252,1633,11.7874,131250,36417
23200,3515,1745,11.7366,77250,33542
23300,2737,2082,11.6862,80250,36875
23400,3046,2797,11.6362,166375,30959
23500,2638,2397,11.5867,69375,34334
23600,1567,2533,11.5376,128875,34750
23700,1608,1837,11.4889,77333,33958
23800,2291,5136,11.4407,86750,78916
23900,2257,690,11.3928,71708,26167
24000,1345,3078,11.3453,79459,47292
24100,2858,4102,11.2983,78375,35792
24200,4046,2739,11.2516,81792,70625
24300,2967,2061,11.2053,115583,26084
24400,2452,2394,11.1593,50125,28333
24500,1769,1207,11.1138,58542,27417
24600,2652,2604,11.0686,55375,26625
24700,1600,856,11.0238,52375,29500
24800,2765,1375,10.9794,67750,74042
24900,2639,2247,10.9353,47666,24000
25000,2684,1067,10.8915,53042,24042
25100,2077,2455,10.8481,47791,30541
25200,2970,1302,10.8051,56084,25458
25300,2246,2445,10.7624,48291,24583
25400,1494,4206,10.72,82417,29958
25500,2144,1816,10.678,56459,24333
25600,3829,1559,10.6363,56750,26667
25700,1327,1296,10.5949,60875,29792
25800,2960,660,10.5538,86750,25334
25900,1820,1327,10.5131,62417,24208
26000,1833,1716,10.4726,56833,35084
26100,2926,2920,10.4325,57334,27500
26200,2290,2302,10.3927,83167,36375
26300,2107,2725,10.3532,33625,29625
26400,1644,1796,10.3139,64875,28333
26500,1996,2252,10.275,59625,58417
26600,3087,2377,10.2364,167500,28333
26700,3279,3412,10.1981,55375,30166
26800,2510,1839,10.16,65500,29875
26900,3718,3085,10.1222,59000,30167
27000,3982,2848,10.0847,58208,30000
27100,3155,2605,10.0475,72584,29583
27200,2099,1969,10.0106,82750,33166
27300,1257,2487,9.97392,60417,34042
27400,3306,2936,9.93752,70166,29166
27500,3311,2880,9.90138,88417,31292
27600,2568,2712,9.86551,140708,29167
27700,2393,1826,9.82989,57000,28375
27800,1479,2833,9.79453,54917,31041
27900,1945,2615,9.75943,68625,41291
28000,989,1980,9.72457,64791,36167
28100,3450,4011,9.68996,61125,35750
28200,4240,1862,9.6556,67000,28333
28300,2473,1939,9.62148,60042,30916
28400,2697,1909,9.58761,65542,31500
28500,2230,2577,9.55396,72084,24917
28600,2172,2384,9.52056,73250,33166
28700,3184,1387,9.48739,93333,24084
28800,2527,2771,9.45444,59958,28750
28900,3362,2562,9.42173,70833,27042
29000,2684,2176,9.38924,57459,33291
29100,1385,2814,9.35698,49333,33875
29200,1990,2859,9.32493,54375,29500
29300,5175,1594,9.29311,81750,24042
29400,2632,2935,9.2615,54500,24917
29500,1693,2494,9.2301,58500,28167
29600,2057,1358,9.19892,76166,28750
29700,3050,1985,9.16795,59417,24333
29800,3295,2556,9.13718,63375,29667
29900,2286,1333,9.10662,63792,28917
30000,3250,2160,9.07627,30583,28875
30100,1499,1354,9.04611,60042,30375
30200,1562,1967,9.01616,66334,35291
30300,2906,2071,8.9864,60792,24334
30400,2288,4041,8.95684,74666,35958
30500,2030,2578,8.92748,83458,24917
30600,1929,2130,8.8983,68709,27209
30700,2564,1275,8.86932,59167,28459
30800,2449,1559,8.84052,72125,39792
30900,2439,1872,8.81191,51208,24458
31000,2639,1353,8.78348,62166,29959
31100,2986,1977,8.75524,56792,27042
31200,33157,3858,17.3918,84583,32833
31300,3847,1801,17.3362,59083,49167
31400,2209,2909,17.281,59583,34542
31500,1420,826,17.2262,69291,25792
31600,1974,829,17.1716,73125,27542
31700,3385,1862,17.1175,76750,24792
31800,1675,4039,17.0636,58875,30541
31900,1252,3482,17.0102,64500,24334
32000,2181,1850,16.957,58500,28959
32100,1802,1501,16.9042,70250,31000
32200,777,2411,16.8517,65583,25416
32300,3284,2891,16.7995,64000,29959
32400,2100,1987,16.7477,64625,30167
32500,2473,1491,16.6961,78542,26584
32600,3370,1819,16.6449,63667,61916
32700,516,2139,16.594,83209,24792
32800,3269,3227,16.5434,31584,25125
32900,2104,2666,16.4931,33375,458
33000,1766,3409,16.4432,52917,30750
33100,3836,1919,16.3935,40875,30417
33200,1745,1365,16.3441,31542,23417
33300,2012,4557,16.295,44833,30958
33400,2923,1376,16.2462,33167,30750
33500,2329,1729,16.1977,29167,28042
33600,2048,2387,16.1495,34875,33917
33700,2352,3750,16.1016,40417,31333
33800,2874,2284,16.054,35791,30625
33900,1997,1609,16.0066,58709,27500
34000,3058,2614,15.9595,32125,32125
34100,3387,2717,15.9127,33667,24542
34200,1961,2887,15.8662,86084,30416
34300,2764,1843,15.8199,54916,26792
34400,1977,2185,15.774,35417,31292
34500,2607,2498,15.7282,64375,24917
34600,2401,2929,15.6828,31208,28042
34700,2658,1940,15.6376,31458,26084
34800,2273,3461,15.5926,36291,34833
34900,2266,2531,15.548,58917,34417
35000,2039,1713,15.5035,49875,51292
35100,2488,3834,15.4594,101750,24584
35200,2564,1875,15.4155,56083,37667
35300,1247,1704,15.3718,63166,31000
35400,4069,3360,15.3284,62250,33084
35500,3953,3800,15.2852,59416,24667
35600,1026,3843,15.2422,51959,37166
35700,2399,1838,15.1996,59583,24959
35800,2980,2370,15.1571,50875,30792
35900,3033,2122,15.1149,48250,29541
36000,2365,2012,15.0729,61167,47375
36100,2506,920,15.0311,59250,26292
36200,2589,2275,14.9896,61625,23958
36300,3206,1351,14.9483,57625,46916
36400,2557,2314,14.9073,51625,25417
36500,2827,1773,14.8664,64000,53500
36600,3361,2363,14.8258,49709,25084
36700,2246,3197,14.7854,86292,32709
36800,2020,3203,14.7452,61875,25333
36900,1785,2990,14.7053,62458,35000
37000,3475,1540,14.6655,50041,23708
37100,1594,2531,14.626,62709,37167
37200,3686,1126,14.5867,58791,25375
37300,2330,3269,14.5476,61125,27458
37400,2462,2992,14.5087,66750,28667
37500,2707,2348,14.47,59584,25833
37600,2079,3137,14.4315,62292,36541
37700,2762,2054,14.3932,63000,36625
37800,1370,2736,14.3551,67125,24458
37900,2166,2754,14.3173,56750,26292
38000,2883,1949,14.2796,54375,35917
38100,2264,1163,14.2421,52750,26500
38200,2322,2286,14.2048,63792,37458
38300,2671,1581,14.1677,62750,30667
38400,2511,2328,14.1308,68084,53709
38500,1886,3547,14.0941,118208,32750
38600,2430,4314,14.0576,57334,24541
38700,3450,2617,14.0213,59667,32208
38800,1704,1807,13.9852,58583,37125
38900,1522,1605,13.9492,48625,25041
39000,1739,1864,13.9134,51916,33042
39100,3132,1873,13.8779,78125,56000
39200,2323,2172,13.8424,56250,30167
39300,2537,1630,13.8072,66125,30458
39400,3390,1259,13.7722,69916,29250
39500,3209,2766,13.7373,57750,28042
39600,2748,2987,13.7026,63125,57083
39700,3052,2049,13.6681,50250,24583
39800,1567,2794,13.6338,51625,24833
39900,1699,1871,13.5996,61666,32458
40000,4132,1807,13.5656,70875,27625
40100,2013,1484,13.5318,49834,49250
40200,2852,1364,13.4981,75500,29875
40300,3077,2359,13.4646,52417,29709
40400,3466,753,13.4313,51250,34042
40500,3680,1836,13.3981,63791,32500
40600,3439,2399,13.3651,67791,40625
40700,3560,2074,13.3323,68833,32333
40800,1820,1153,13.2996,61000,24167
40900,3092,1521,13.2671,56667,32208
41000,3130,4951,13.2347,61375,32083
41100,2087,1977,13.2025,70250,29667
41200,2380,3757,13.1705,63667,24708
41300,2737,1079,13.1386,65750,33458
41400,3217,3537,13.1069,129750,33250
41500,2353,1660,13.0753,94416,31208
41600,3682,3028,13.0438,68333,31375
41700,2261,4137,13.0126,61708,35583
41800,3220,1063,12.9814,194667,29125
41900,2978,2423,12.9505,57083,28500
42000,4239,2335,12.9196,68833,31834
42100,2172,3542,12.8889,63250,32833
42200,3363,1624,12.8584,73833,48625
42300,1552,1637,12.828,61709,35334
42400,2377,2187,12.7977,183666,40875
42500,1424,3539,12.7676,57792,27667
42600,2240,1599,12.7377,65583,30542
42700,2849,1337,12.7078,33042,26875
42800,3187,1841,12.6781,52125,58791
42900,3170,2420,12.6486,58417,28584
43000,2478,1845,12.6192,121291,30375
43100,2775,1539,12.5899,57833,29375
43200,3171,1352,12.5607,59375,29167
43300,1816,2675,12.5317,48792,28959
43400,3649,2020,12.5029,56208,32500
43500,1931,2722,12.4741,60125,31792
43600,2792,3087,12.4455,80833,33292
43700,3340,2677,12.417,62292,25042
43800,2234,4750,12.3887,77834,29333
43900,1506,1009,12.3605,64875,29167
44000,4001,3801,12.3324,56708,26875
44100,2369,2303,12.3044,101833,40166
44200,3395,4710,12.2766,82167,24542
44300,2805,2619,12.2488,50500,27584
44400,2379,1874,12.2213,57042,24125
44500,3857,2090,12.1938,58000,51542
44600,2164,3190,12.1665,60000,24709
44700,2192,2822,12.1392,132375,47292
44800,3646,2001,12.1121,52709,27667
44900,2803,1337,12.0852,57083,24209
45000,2216,1958,12.0583,61709,24125
45100,2422,3225,12.0316,86416,50500
45200,1061,2673,12.005,203500,41166
45300,2053,2651,11.9785,54625,27334
45400,3034,2038,11.9521,56500,27459
45500,3015,2192,11.9258,50000,24208
45600,2881,2715,11.8996,70292,24209
45700,942,2398,11.8736,60250,48458
45800,2782,3153,11.8477,51625,78125
45900,2951,2991,11.8219,54625,27542
46000,2429,2580,11.7962,58667,30166
46100,3139,1893,11.7706,58250,24291
46200,2743,2873,11.7451,64834,32334
46300,4044,2588,11.7197,82291,25125
46400,2639,2464,11.6945,85625,26500
46500,1776,1852,11.6693,56458,30041
46600,3287,2034,11.6443,51084,23792
46700,1800,1378,11.6194,47875,27208
46800,2294,2365,11.5945,88041,28458
46900,4166,1575,11.5698,55500,28166
47000,1396,2631,11.5452,88125,30250
47100,2455,1614,11.5207,58750,25583
47200,2571,2065,11.4963,74334,68625
47300,2929,2038,11.472,53125,31583
47400,3135,3014,11.4478,55125,35708
47500,3955,2835,11.4237,116500,46208
47600,2822,1546,11.3997,54542,41917
47700,1124,3543,11.3758,58458,25417
47800,3716,3428,11.352,48250,35583
47900,3461,1405,11.3283,61125,24500
48000,4027,3395,11.3047,105208,52375
48100,2670,684,11.2812,55125,27625
48200,4063,1829,11.2578,58333,23834
48300,2210,2143,11.2345,47541,24083
48400,1565,2228,11.2112,55792,26625
48500,4582,2919,11.1881,64208,26000
48600,2669,1882,11.1651,139167,31667
48700,2158,2871,11.1422,55000,27334
48800,602,2872,11.1193,54333,29708
48900,1947,2314,11.0966,70834,24458
49000,2302,3006,11.074,53417,29375
49100,2713,2692,11.0514,89000,38542
49200,3189,2418,11.0289,132000,27792
49300,3666,2216,11.0066,55042,32208
49400,2512,1956,10.9843,50500,49209
49500,3190,993,10.9621,48583,31042
49600,2686,2222,10.94,37750,45791
49700,2069,1572,10.918,54334,24791
49800,3751,721,10.8961,98250,28333
49900,4113,1426,10.8742,55125,24375
50000,1320,1633,10.8525,85916,24250
50100,3043,3625,10.8308,55792,29458
50200,3053,2632,10.8092,65250,26125
50300,2161,2132,10.7878,54917,32958
50400,3552,3382,10.7663,75916,28167
50500,1850,3480,10.745,84333,30208
50600,2559,1824,10.7238,55000,25458
50700,3232,1829,10.7026,74709,31209
50800,1449,2103,10.6816,84583,25334
50900,1797,2452,10.6606,114125,61542
51000,2107,3553,10.6397,54167,29959
51100,2240,921,10.6189,112625,33958
51200,3542,2554,10.5981,58584,24084
51300,3285,3636,10.5775,60584,28584
51400,3611,2266,10.5569,107791,47917
51500,4167,2615,10.5364,70833,30542
51600,2556,1905,10.516,57291,30167
51700,2535,2545,10.4956,54916,24542
51800,3114,4862,10.4754,62416,36083
51900,6109,4120,10.4552,99959,26417
52000,2884,2451,10.4351,97333,33125
52100,2313,1985,10.415,53417,30125
52200,2667,2543,10.3951,53042,24000
52300,2545,2014,10.3752,56083,24292
52400,3031,2362,10.3554,60291,53333
52500,1925,3415,10.3357,105667,32041
52600,2921,2446,10.316,57792,32292
52700,2555,2249,10.2965,56750,35334
52800,2558,2975,10.277,50458,23917
52900,3799,4093,10.2575,77459,33709
53000,3083,2732,10.2382,138291,29416
53100,2749,2302,10.2189,56833,27208
53200,2854,2705,10.1997,57083,31375
53300,2140,1622,10.1806,48042,24417
53400,2375,2511,10.1615,48208,24125
53500,2440,1367,10.1425,55584,30625
53600,4243,3908,10.1236,86083,25875
53700,2479,3004,10.1047,53459,52708
53800,3273,2058,10.0859,58875,27833
53900,2542,2506,10.0672,56042,23708
54000,2064,2303,10.0486,49291,27833
54100,2781,2358,10.03,78875,30917
54200,3772,1176,10.0115,75625,25083
54300,4874,4640,9.99308,59333,34084
54400,3178,1397,9.97471,86458,48083
54500,3721,1848,9.9564,61167,43667
54600,2310,1961,9.93817,59917,51458
54700,2894,3907,9.92,185167,62833
54800,3496,2845,9.9019,53708,27792
54900,2644,1820,9.88386,55000,29041
55000,1814,1661,9.86589,54208,24250
55100,1391,2704,9.84799,56250,32792
55200,3820,2419,9.83014,58042,27667
55300,2419,3013,9.81237,98292,50208
55400,1972,1862,9.79466,55042,28125
55500,3447,1640,9.77701,55042,42541
55600,4457,3242,9.75942,47458,29583
55700,1956,1612,9.7419,67500,47250
55800,3182,2744,9.72444,56291,111292
55900,2952,3212,9.70705,77667,36375
56000,2535,1687,9.68971,59167,34583
56100,1947,2694,9.67244,55542,24042
56200,3148,2198,9.65523,68125,30459
56300,2363,4240,9.63808,55875,27625
56400,4377,3008,9.62099,139500,31667
56500,1250,1896,9.60396,57292,27917
56600,3852,3386,9.587,56084,24750
56700,3184,3826,9.57009,62333,25584
56800,2637,3180,9.55324,57125,33083
56900,4408,3538,9.53645,88917,32000
57000,5207,2883,9.51972,60542,27375
57100,2635,2799,9.50305,54375,24750
57200,2722,1374,9.48643,62125,50083
57300,2687,3298,9.46988,71917,28875
57400,3610,1932,9.45338,54333,24208
57500,2989,2908,9.43694,95500,31542
57600,1918,1954,9.42056,80875,31291
57700,2499,2168,9.40423,74209,31208
57800,1193,2335,9.38796,51041,26583
57900,3106,1802,9.37174,67000,34791
58000,2061,2961,9.35559,73625,27291
58100,3689,4219,9.33948,99875,27250
58200,2962,2583,9.32344,77500,25292
58300,1785,3999,9.30744,72708,25541
58400,3566,2821,9.29151,63625,37167
58500,2435,1450,9.27562,56083,30125
58600,3314,2439,9.2598,83458,39333
58700,3504,2205,9.24402,76500,29916
58800,3331,1900,9.2283,60333,27625
58900,3721,2091,9.21263,48958,27166
59000,2660,2574,9.19702,60291,29959
59100,3537,2887,9.18146,58833,58250
59200,2444,1156,9.16595,57666,27792
59300,3944,2905,9.15049,54250,30875
59400,2501,1363,9.13508,63125,26167
59500,3140,3541,9.11973,48042,40041
59600,3383,2492,9.10443,90958,31917
59700,2679,1422,9.08918,105084,30333
59800,1796,2634,9.07398,57875,27167
59900,3719,1654,9.05883,60750,29833
60000,3526,1623,9.04373,57750,24750
60100,3056,2953,9.02869,75000,35625
60200,1935,3341,9.01369,58000,24500
60300,1397,2445,8.99874,173000,32625
60400,2955,2659,8.98384,54458,24209
60500,2110,3506,8.96899,48042,28458
60600,2611,2534,8.95419,51208,28041
60700,2520,2781,8.93944,54833,48667
60800,1771,2677,8.92474,62834,24458
60900,3301,3244,8.91008,103458,23667
61000,3322,3930,8.89548,79958,27334
61100,3114,4409,8.88092,59625,27750
61200,1903,1816,8.86641,61208,27292
61300,3594,2127,8.85194,59875,30417
61400,2757,1862,8.83752,119000,31167
61500,3329,1882,8.82315,56625,30584
61600,3503,2957,8.80883,80542,28625
61700,3066,4697,8.79455,58125,29625
61800,1687,2422,8.78032,61834,28667
61900,5307,3214,8.76614,81791,26792
62000,3174,1580,8.752,58167,27292
62100,2875,3169,8.73791,53917,40875
62200,3523,3742,8.72386,84375,55750
62300,68470,3935,17.3884,56458,27458
62400,1852,2759,17.3605,57375,30916
62500,3673,986,17.3327,56542,55875
62600,3927,2908,17.305,57834,28084
62700,2916,3742,17.2774,56583,54500
62800,2837,2888,17.2499,57834,27167
62900,3305,2837,17.2225,56333,42000
63000,2741,2623,17.1952,55208,52292
63100,3521,3697,17.1679,53625,33166
63200,1825,2284,17.1408,124708,32833
63300,3629,3095,17.1137,68292,28417
63400,2449,2330,17.0867,55333,27708
63500,3124,3371,17.0598,59625,29625
63600,2695,2073,17.033,60833,26625
63700,3076,2479,17.0062,58916,29833
63800,2002,2539,16.9796,111792,31583
63900,2733,3671,16.953,57292,31167
64000,2230,1047,16.9265,54583,1.30525e+06
64100,374,265,16.9001,5375,2000
64200,312,327,16.8738,3250,1833
64300,387,207,16.8475,22250,3417
64400,295,249,16.8214,4833,1791
64500,347,246,16.7953,4875,1875
64600,945,236,16.7693,3250,1709
64700,372,271,16.7434,1792,1792
64800,631,212,16.7175,3291,1959
64900,640,332,16.6918,42834,1875
65000,481,305,16.6661,3750,1917
65100,320,252,16.6405,5000,1875
65200,392,312,16.615,3625,2375
65300,444,273,16.5895,3292,1792
65400,467,308,16.5642,5000,1833
65500,253,367,16.5389,3167,1875
65600,2230,377,16.5137,65375,2125
65700,544,296,16.4885,3250,2041
65800,375,324,16.4635,19666,2167
65900,350,289,16.4385,1875,3875
66000,399,415,16.4136,69667,2000
66100,327,282,16.3887,2916,1958
66200,786,239,16.364,3834,1750
66300,287,578,16.3393,2084,1750
66400,322,212,16.3147,1833,1833
66500,306,313,16.2902,2917,1667
66600,677,277,16.2657,1958,2291
66700,368,204,16.2413,2959,1750
66800,382,270,16.217,1792,1750
66900,261,355,16.1928,3000,1709
67000,338,287,16.1686,3000,1667
67100,387,224,16.1445,1917,1709
67200,300,279,16.1205,2833,1667
67300,299,203,16.0965,2917,1667
67400,700,190,16.0726,1750,1792
67500,335,160,16.0488,2000,1792
67600,677,218,16.0251,9000,3333
67700,350,265,16.0014,3250,1833
67800,310,644,15.9778,3000,1917
67900,422,118,15.9543,3125,1792
68000,301,196,15.9308,1834,1708
68100,309,252,15.9074,3250,1625
68200,288,245,15.8841,2958,1666
68300,356,250,15.8608,1875,1791
68400,385,197,15.8377,3459,1792
68500,365,283,15.8145,1875,3333
68600,384,551,15.7915,2958,1667
68700,748,289,15.7685,3167,3375
68800,672,272,15.7456,3125,1750
68900,305,601,15.7227,3084,1791
69000,609,301,15.6999,3000,1625
69100,313,552,15.6772,3500,1958
69200,286,245,15.6546,3000,1709
69300,307,273,15.632,3041,1750
69400,281,313,15.6095,2958,1750
69500,308,353,15.587,10500,1750
69600,308,205,15.5646,3209,1875
69700,885,252,15.5423,3166,1917
69800,710,216,15.52,3292,30542
69900,308,229,15.4978,3250,1750
70000,392,229,15.4757,2959,4042
70100,342,259,15.4536,3250,1833
70200,778,258,15.4316,3708,1875
70300,378,267,15.4096,3291,1917
70400,349,256,15.3877,3250,1709
70500,310,247,15.3659,3583,1750
70600,236,257,15.3441,3042,1958
70700,1341,282,15.3224,3333,1792
70800,700,235,15.3008,3125,1791
70900,547,235,15.2792,3292,4042
71000,547,276,15.2577,3084,1750
71100,287,162,15.2362,3083,1792
71200,323,569,15.2148,3209,2000
71300,443,252,15.1935,76875,1917
71400,366,245,15.1722,3791,1833
71500,341,189,15.151,3208,1750
71600,333,247,15.1298,47833,3708
71700,1837,295,15.1087,3291,1917
71800,792,323,15.0877,3250,2000
71900,369,623,15.0667,4417,2167
72000,376,221,15.0458,3542,3625
72100,371,240,15.0249,3542,3792
72200,325,338,15.0041,3083,1792
72300,322,189,14.9833,8583,3167
72400,767,586,14.9627,3208,1750
72500,274,249,14.942,3333,3250
72600,326,375,14.9214,3125,1667
72700,380,192,14.9009,3541,1709
72800,689,564,14.8804,3292,2459
72900,322,192,14.86,3125,1625
73000,382,221,14.8397,16167,1792
73100,314,206,14.8194,3208,3417
73200,337,216,14.7991,3250,3125
73300,397,224,14.7789,3125,1792
73400,426,182,14.7588,3209,3708
73500,246,334,14.7387,3167,1708
73600,447,146,14.7187,28458,4709
73700,328,313,14.6987,3208,1792
73800,733,199,14.6788,3167,1709
73900,836,212,14.6589,3541,1666
74000,408,270,14.6391,1875,4417
74100,378,301,14.6194,3292,1750
74200,375,236,14.5997,3208,1750
74300,358,261,14.58,3250,1750
74400,691,524,14.5604,3292,3792
74500,281,244,14.5409,3000,26042
74600,669,541,14.5214,3042,2042
74700,265,196,14.502,3000,3708
74800,655,229,14.4826,5792,1875
74900,342,270,14.4632,3458,1791
75000,357,762,14.4439,8666,1792
75100,293,629,14.4247,3083,1792
75200,431,549,14.4055,3000,2000
75300,298,532,14.3864,3583,2125
75400,371,221,14.3673,3416,1709
75500,592,307,14.3483,3042,1750
75600,393,176,14.3293,3375,1708
75700,269,580,14.3104,3042,1708
75800,940,514,14.2915,3584,1667
75900,300,132,14.2727,3042,1708
76000,301,559,14.2539,12459,4042
76100,285,234,14.2352,3125,1750
76200,344,191,14.2165,3125,1834
76300,437,572,14.1979,3084,1708
76400,365,197,14.1793,4875,5167
76500,648,243,14.1607,3209,1709
76600,306,130,14.1422,65375,6583
76700,353,262,14.1238,3458,1792
76800,957,681,14.1054,4958,3083
76900,313,750,14.0871,25041,1958
77000,1373,263,14.0688,26250,2292
77100,1192,576,14.0505,3708,3583
77200,361,288,14.0323,3541,2167
77300,316,643,14.0142,3416,1708
77400,1304,394,13.9961,50875,5959
77500,743,208,13.978,46250,2042
77600,611,365,13.96,4416,2125
77700,351,302,13.942,4375,7209
77800,701,334,13.9241,6209,3250
77900,893,284,13.9062,4750,1833
78000,1287,253,13.8884,3709,1791
78100,500,270,13.8706,3583,2083
78200,364,313,13.8529,3167,1750
78300,833,491,13.8352,3333,1917
78400,425,249,13.8176,4792,28625
78500,315,563,13.7999,3167,1709
78600,652,220,13.7824,3833,1750
78700,294,286,13.7649,3417,3208
78800,322,483,13.7474,3125,1834
78900,1064,658,13.73,3084,1709
79000,453,192,13.7126,3125,1875
79100,726,257,13.6953,3458,2084
79200,347,270,13.678,3000,1708
79300,364,294,13.6607,3167,3542
79400,710,318,13.6435,3166,1875
79500,804,267,13.6264,3208,33916
79600,444,371,13.6092,4750,6208
79700,377,229,13.5922,12833,3916
79800,926,305,13.5751,3167,1875
79900,1081,368,13.5581,4834,1709
80000,447,217,13.5412,12292,1792
80100,670,214,13.5243,3541,1708
80200,293,235,13.5074,3041,1792
80300,390,268,13.4906,7209,1792
80400,360,186,13.4738,3208,1750
80500,185,580,13.4571,3084,3292
80600,394,251,13.4404,3000,1750
80700,637,268,13.4237,3084,1750
80800,355,253,13.4071,5333,3250
80900,651,233,13.3906,3083,1667
81000,1042,556,13.374,3166,1667
81100,335,560,13.3575,3166,1792
81200,242,218,13.3411,3250,1666
81300,298,210,13.3247,3125,1834
81400,1229,240,13.3083,5917,1750
81500,330,307,13.292,36334,1875
81600,296,269,13.2757,3167,3166
81700,464,252,13.2594,4750,1792
81800,328,148,13.2432,4625,1750
81900,397,269,13.2271,3167,1875
82000,870,257,13.2109,3333,3583
82100,321,223,13.1948,3166,2125
82200,730,265,13.1788,12458,4000
82300,1069,180,13.1628,3167,1834
82400,741,647,13.1468,3375,31125
82500,515,645,13.1309,3833,2208
82600,413,203,13.115,6667,1708
82700,332,485,13.0991,3250,3542
82800,314,275,13.0833,52750,5916
82900,577,664,13.0675,3542,1833
83000,840,356,13.0518,3500,2000
83100,690,630,13.0361,22041,1792
83200,646,577,13.0204,3625,1833
83300,730,731,13.0048,3625,1875
83400,560,545,12.9892,3167,1916
83500,1314,267,12.9736,3166,2458
83600,315,663,12.9581,8750,1708
83700,345,180,12.9426,3292,3666
83800,405,249,12.9272,3167,1750
83900,417,244,12.9118,3125,1625
84000,737,253,12.8964,3042,375
84100,361,630,12.881,4834,1750
84200,628,802,12.8657,3167,1750
84300,685,572,12.8505,3084,1708
84400,587,168,12.8353,3084,1750
84500,352,300,12.8201,3208,1709
84600,297,306,12.8049,3125,3792
84700,327,301,12.7898,3208,3667
84800,356,913,12.7747,3167,3250
84900,943,277,12.7597,3750,1917
85000,844,582,12.7447,3583,1917
85100,960,237,12.7297,3250,1750
85200,395,537,12.7147,8625,4208
85300,434,925,12.6998,3083,1666
85400,659,251,12.685,3333,26292
85500,372,557,12.6701,3167,1917
85600,459,200,12.6553,3208,1708
85700,928,338,12.6406,3083,1708
85800,522,349,12.6258,8625,4500
85900,371,283,12.6111,3500,3875
86000,588,325,12.5965,3250,1750
86100,1161,199,12.5818,3000,1750
86200,425,326,12.5672,5834,1709
86300,601,236,12.5527,3500,1750
86400,675,955,12.5381,7042,1750
86500,416,1152,12.5237,3167,1708
86600,688,272,12.5092,3250,3375
86700,327,294,12.4948,3125,1916
86800,344,521,12.4804,3250,3000
86900,732,870,12.466,3625,3833
87000,629,296,12.4517,3084,3583
87100,853,219,12.4374,4917,3541
87200,720,234,12.4231,4958,29792
87300,1387,1129,12.4089,3417,30542
87400,417,231,12.3947,48833,4125
87500,432,239,12.3805,3500,27667
87600,423,261,12.3664,3458,3375
87700,684,442,12.3523,3167,2166
87800,632,527,12.3382,4000,4042
87900,790,291,12.3242,3209,2084
88000,294,424,12.3102,8750,3291
88100,2457,277,12.2962,49708,3125
88200,790,376,12.2823,3542,1916
88300,1118,638,12.2684,3458,1834
88400,774,755,12.2545,2000,1833
88500,904,315,12.2406,3917,3667
88600,359,272,12.2268,3791,1625
88700,956,205,12.213,3792,2000
88800,380,270,12.1993,3042,1708
88900,312,245,12.1856,8667,1750
89000,339,237,12.1719,3250,1709
89100,780,495,12.1582,3333,1625
89200,353,512,12.1446,1833,30708
89300,357,214,12.131,12125,1833
89400,402,1122,12.1174,3584,1708
89500,339,869,12.1039,3125,1750
89600,407,268,12.0904,4833,3375
89700,372,540,12.0769,3291,25125
89800,1196,213,12.0634,3459,1833
89900,394,935,12.05,3167,1792
90000,1374,172,12.0366,3666,29416
90100,1165,282,12.0233,3250,1709
90200,1051,255,12.0099,3500,1792
90300,604,213,11.9966,3375,3917
90400,764,461,11.9834,4750,2083
90500,737,182,11.9701,5083,1750
90600,411,253,11.9569,7167,26208
90700,404,451,11.9437,3375,1750
90800,793,807,11.9306,3625,26542
90900,399,254,11.9174,15084,26375
91000,1066,364,11.9044,3333,1875
91100,367,460,11.8913,8791,1875
91200,749,854,11.8782,3292,1750
91300,721,909,11.8652,3125,1750
91400,921,831,11.8523,4792,1750
91500,357,224,11.8393,3125,1875
91600,1737,257,11.8264,3042,3875
91700,656,271,11.8135,5417,6542
91800,305,227,11.8006,3250,31041
91900,386,625,11.7878,3125,1708
92000,648,1471,11.775,3084,3459
92100,500,976,11.7622,8834,31917
92200,1719,238,11.7494,5000,3708
92300,2192,373,11.7367,21667,4167
92400,614,295,11.724,5958,1750
92500,926,546,11.7113,19000,3792
92600,967,556,11.6987,3250,28167
92700,1042,912,11.686,3500,3708
92800,622,722,11.6734,3458,3708
92900,485,1341,11.6609,10666,46375
93000,2599,277,11.6483,5125,2000
93100,777,666,11.6358,3792,28625
93200,887,296,11.6233,3625,1750
93300,428,545,11.6109,7167,25500
93400,752,259,11.5985,19833,2292
93500,835,288,11.5861,3792,3708
93600,712,574,11.5737,3042,1709
93700,467,267,11.5613,3375,27417
93800,664,281,11.549,3250,3584
93900,387,238,11.5367,3375,1791
94000,376,592,11.5244,3250,1750
94100,1050,256,11.5122,3208,3583
94200,1002,601,11.5,3417,1750
94300,872,332,11.4878,8334,1750
94400,441,656,11.4756,5000,1791
94500,455,833,11.4634,3500,1792
94600,360,662,11.4513,3000,1750
94700,1094,803,11.4392,3209,1709
94800,661,185,11.4272,3458,3292
94900,674,324,11.4151,5458,3167
95000,841,882,11.4031,3541,30834
95100,706,1067,11.3911,3458,25250
95200,721,258,11.3792,4750,26958
95300,1544,495,11.3672,3125,3875
95400,410,268,11.3553,3250,2333
95500,424,294,11.3434,4875,24416
95600,670,739,11.3315,3167,1750
95700,654,512,11.3197,3958,1750
95800,702,1012,11.3079,3167,3500
95900,807,803,11.2961,3375,3917
96000,1118,295,11.2843,3042,1750
96100,336,1537,11.2726,3000,3334
96200,360,957,11.2609,3209,34500
96300,2314,282,11.2492,3166,1792
96400,745,742,11.2375,3333,3875
96500,452,1155,11.2259,54000,4084
96600,807,715,11.2142,3959,2083
96700,358,756,11.2026,3500,2500
96800,429,512,11.1911,3500,3708
96900,415,334,11.1795,5375,1709
97000,381,232,11.168,15708,5875
97100,963,1314,11.1565,3750,1709
97200,757,558,11.145,4833,2167
97300,1073,542,11.1336,5041,3750
97400,362,540,11.1221,3000,1791
97500,964,325,11.1107,3375,3084
97600,737,357,11.0993,8250,1750
97700,400,250,11.088,5333,3666
97800,335,183,11.0766,4375,3500
97900,655,775,11.0653,4833,1667
98000,1371,295,11.054,3459,7458
98100,1172,598,11.0428,3208,25792
98200,462,456,11.0315,4791,1750
98300,671,585,11.0203,4667,1667
98400,796,255,11.0091,3125,27958
98500,458,280,10.9979,3166,1875
98600,664,279,10.9868,3042,27959
98700,395,268,10.9756,3125,29375
98800,1128,543,10.9645,3666,27500
98900,394,331,10.9534,3209,1750
99000,379,295,10.9424,3041,3708
99100,794,277,10.9313,4666,3625
99200,419,705,10.9203,34792,4292
99300,1027,932,10.9093,3167,1792
99400,1318,653,10.8984,3708,1750
99500,1039,313,10.8874,3459,3708
99600,1009,534,10.8765,4834,3959
99700,507,845,10.8656,3292,1709
99800,383,505,10.8547,3083,3750
99900,745,611,10.8438,4792,1667
100000,703,1031,10.833,3417,1708
100100,1319,546,10.8221,3291,24250
103100,755,591,10.5072,3458,3958
105100,681,516,10.3073,3250,3625
108100,885,683,10.0212,4917,5084
110100,800,621,9.8392,3709,29917
113100,896,704,9.57821,4708,24792
115100,905,1269,9.41178,4584,3416
118100,1744,1138,9.1727,4667,38875
121100,1369,1454,8.94547,6833,78958
124100,2464,645,8.72922,8708,3375
126100,1793,1053,17.1661,3375,30834
129100,1452,1479,16.7672,28875,32583
132100,1375,1012,16.3864,3084,30375
135100,1634,1368,16.0225,3125,25000
139100,1420,1433,15.5618,3250,25000
142100,1212,1267,15.2332,3166,80958
145100,1724,1216,14.9183,3333,31792
148100,1606,996,14.6161,4166,27625
152100,1497,1594,14.2317,3708,33375
155100,1302,999,13.9564,3459,30083
159100,1455,1243,13.6055,3416,30583
163100,1462,958,13.2719,3667,28709
166100,1324,1051,13.0321,4583,33083
170100,1401,1152,12.7257,3417,32167
174100,971,1112,12.4333,3541,30625
178100,1208,913,12.1541,3291,26917
182100,1706,1423,11.8871,3708,24958
187100,1697,904,11.5694,3500,90333
191100,1603,1301,11.3273,7166,34291
195100,1502,1698,11.095,32250,29875
200100,1324,1480,10.8178,38083,28375
205100,1278,1205,10.5541,127375,29083
209100,1381,1137,10.3522,41917,28417
214100,2209,1214,10.1104,56500,34333
219100,2057,1909,9.87969,86542,32542
224100,1948,1784,9.65926,91917,27542
230100,3183,1248,9.40739,52250,32042
235100,1438,1496,9.20732,49458,33542
240100,1956,1141,9.01558,63208,30000
246100,29278,1481,17.5836,53791,34125
252100,1219,1164,17.1651,54875,24834
258100,1643,1338,16.7661,54375,29417
264100,2239,1093,16.3852,3167,34250
270100,1500,1667,16.0212,3250,90542
276100,1867,1333,15.673,3375,28625
282100,1659,1396,15.3397,3333,36959
289100,1696,1082,14.9683,3459,31875
296100,1690,1706,14.6144,3500,31042
302100,1661,2369,14.3242,3709,29791
310100,2295,2633,13.9546,3833,72833
317100,2126,1669,13.6466,3584,32416
324100,2221,1641,13.3518,3875,41083
332100,2255,1878,13.0302,40625,39500
339100,2266,2065,12.7612,40208,40417
347100,1933,1996,12.4671,55541,32459
355100,1964,1906,12.1862,49500,87958
364100,2482,2273,11.885,50167,35833
372100,2578,2029,11.6295,51083,86416
381100,2077,2866,11.3548,51208,124542
390100,2543,2624,11.0929,54667,89959
399100,3233,3298,10.8427,64042,90958
408100,4382,3480,10.6036,55250,97791
417100,2903,4208,10.3748,54083,87959
427100,3084,3502,10.1319,61708,86292
437100,3754,2699,9.90009,55375,88500
447100,3268,2630,9.67866,68500,79791
458100,4667,3732,9.44625,113000,33375
468100,5583,3573,9.24445,69208,91083
479100,4647,3367,9.0322,113583,111292
490100,2753,2032,17.655,120250,104000
502100,4745,2640,17.233,116042,89250
513100,4223,3430,16.8636,115541,92958
525100,4199,4578,16.4782,2625,104208
538100,4603,2652,16.0801,3333,117792
550100,3711,3488,15.7293,3333,93250
563100,3580,3050,15.3662,3500,112875
576100,3266,4576,15.0194,3667,117959
589100,3922,4201,14.688,32583,85750
603100,3793,4086,14.347,39166,99125
617100,4882,4446,14.0216,43000,107750
631100,4100,4830,13.7105,43458,98958
646100,5140,7467,13.3922,126834,185459
661100,8749,7776,13.0883,141084,93250
677100,7051,8184,12.7791,152125,117042
692100,6852,6926,12.5021,144042,108625
708100,8622,8670,12.2196,137834,157000
725100,7179,8427,11.9331,156291,90167
742100,7094,10022,11.6598,142416,107541
759100,7406,7731,11.3986,205000,95333
777100,7554,6757,11.1346,170625,180666
795100,7488,8886,10.8825,162458,97750
813100,9054,7453,10.6416,198917,122375
832100,9027,8212,10.3986,159958,98500
852100,7945,7784,10.1546,192125,107167
871100,9506,9466,9.93308,154125,112541
892100,9020,17806,9.69925,353416,175583
913100,10319,8122,9.47618,181500,119875
934100,11826,8852,9.26315,276583,157166
955100,7668,9595,18.1169,203208,93792
978100,7474,7476,17.6909,179916,116917
1.0001e+06,8006,8122,17.3017,206625,100084
1.0241e+06,11163,8727,16.8963,150542,114666
1.0481e+06,6032,7303,16.5094,303459,130209
1.0721e+06,8683,9205,16.1398,62958,119959
1.0971e+06,7487,6834,15.772,66334,98708
1.1231e+06,8504,10176,15.4069,67750,98000
1.1491e+06,9119,11755,15.0583,152042,168583
1.1751e+06,7742,10200,14.7251,140334,95083
1.2031e+06,9195,5553,14.3824,239750,120708
1.2311e+06,7192,8005,14.0553,202250,109792
1.2591e+06,8200,8078,13.7427,154333,157375
1.2891e+06,8626,9469,13.4229,165500,173667
1.3191e+06,10289,8571,13.1176,212959,114208
1.3491e+06,11244,7592,12.8259,211209,96917
1.3811e+06,9489,9704,12.5287,156792,92584
1.4131e+06,10787,9561,12.245,152583,126083
1.4461e+06,8298,8924,11.9656,203417,122375
1.4801e+06,10763,8047,11.6907,171458,122250
1.5141e+06,9829,10044,11.4282,156958,175167
1.5491e+06,8570,9247,11.17,149625,101750
1.5851e+06,10549,8643,10.9163,148417,110042
1.6221e+06,10416,10050,10.6673,190458,124042
1.6601e+06,8064,9367,10.4231,150291,139625
1.6991e+06,8981,9321,10.1839,170666,162042
1.7381e+06,9454,8259,9.95539,150542,123541
1.7791e+06,8704,8495,9.72596,160709,92792
1.8201e+06,10999,8400,9.50687,157500,118334
1.8631e+06,13142,8282,9.28745,292041,107875
1.9061e+06,12102,10032,18.1549,223625,143125
1.9501e+06,11056,9929,17.7452,202458,128250
1.9961e+06,9063,13459,17.3363,178209,173292
2.0421e+06,9194,12603,16.9458,195625,142791
2.0901e+06,10074,10459,16.5566,156500,123708
2.1381e+06,10165,11941,16.1849,164625,129833
2.1881e+06,11401,9552,15.8151,148833,158333
2.2391e+06,10775,8321,15.4549,135334,124042
2.2911e+06,10860,9737,15.1041,149125,149000
2.3451e+06,11362,10618,14.7563,149250,171917
2.3991e+06,10483,9350,14.4241,173625,174750
2.4551e+06,10646,12064,14.0951,194625,115167
2.5121e+06,9268,10713,13.7753,183458,178167
2.5711e+06,9075,11663,13.4592,166458,119000
2.6311e+06,11187,9169,13.1523,155834,168292
2.6921e+06,9867,8174,12.8543,195583,125083
2.7551e+06,10389,11796,12.5603,161000,97459
2.8191e+06,11356,10553,12.2752,191167,127625
2.8851e+06,16601,9551,11.9944,181000,164583
2.9521e+06,9127,11447,11.7222,161083,121500
3.0201e+06,10550,10151,11.4582,192417,166125
3.0911e+06,10398,9847,11.195,191500,109917
3.1631e+06,11758,11480,10.9402,153667,123167
3.2361e+06,10879,9931,10.6934,158791,110292
3.3121e+06,9779,9816,10.448,195417,118042
3.3891e+06,12153,11545,10.2107,179709,102250
3.4681e+06,11605,8674,9.97807,191250,111875
3.5491e+06,13988,10842,9.75035,201708,121583
3.6311e+06,12972,10504,9.53016,214875,170417
3.7161e+06,9565,11439,18.6238,189208,118500
3.8021e+06,9152,12248,18.2026,202291,121167
3.8911e+06,12673,9298,17.7862,194166,101416
